content_id,subject,sentiment_value,sentiment_word
XuPwKCnA2fqNh5vm,价格,,
2jNbDn85goX3IuPE,价格,,
hLgEADQ8sUnvGFK9,价格,,
nZmM7LQsfr03wUaz,价格,,
pwd8MnrthDqLZafe,价格,,
cudSKGTyMLbIt8k3,价格,,
U5RMQtopwFzDVxHm,价格,,
Kh0ayJjuTrzwPAs1,价格,,
YZovRtEAyQJgTi1I,价格,,
BeSIAUzoTWH9muYl,配置,,
SXYTBWg6FxuboMnd,配置,,
RDgTmzW9xBfY6pGv,配置,,
8cMwzsxkL4XtuDG1,配置,,
MOUrvjDsIJpbw6dQ,配置,,
t01PVoDSd9Lsy5HN,配置,,
icMQmPJA9Sv0KGTw,舒适性,,
VQkjM1657sIroCf3,舒适性,,
1rGSYnOx9Fb2ULQX,配置,,
SgNFp8ixQX1HA64y,价格,,
sO6Ac1mThYBKyl4M,舒适性,,
qIUiOxGdb0M4PQky,油耗,,
6GMYQa0Ag4o9nsZ2,油耗,,
6Ewe2kxO5msAg0yU,动力,,
PMeBcRxizIaNmAC7,油耗,,
9x4gvon6TfN0KtqY,油耗,,
Er3x8Ks6mpQqeZO0,油耗,,
f5UhrHg6Zztl7VWj,价格,,
fYtbApDWqzGmKX8F,舒适性,,
YUWFxTOoZCkNzKcu,舒适性,,
hNVSLDr06cMsgwfI,舒适性,,
aV6A5z8pJRkKIC9r,内饰,,
E9SZbnzR2XW0QiLs,内饰,,
DXhAOZEsTBVWaSRH,舒适性,,
6p8glZ2iewsInqK4,舒适性,,
AWsymeHLSU1f38tT,安全性,,
l94kJgMBpYoODyzQ,安全性,,
bVeAzdpgX7tFDlPI,安全性,,
lQ0N8fd4On7TzcsD,安全性,,
jhmIcH6LTxkGVE19,安全性,,
68jBJULyWclT9Pir,安全性,,
7prF9LJoixSgPQvM,安全性,,
Q4lp0HBNfTD2xYAv,操控,,
M3Hqx1Un8ygzFTtl,操控,,
cIevXAM5FRp14Nni,操控,,
8jCcfemUlPaQFx67,动力,,
ZqEa9wGAXNCDRoph,动力,,
SHbyJ2RM9oi4ZtdD,动力,,
vNgGz3Kfj1qCe92E,动力,,
9eqiWkfr8HNR0xPo,动力,,
sAtwDdFoc06XgaW9,动力,,
23EJ8RwY9PcotslQ,动力,,
oKdBRimU38Gjc9PJ,动力,,
zsADXh4cYeUjEKSP,动力,,
Q2LaKeht0Vvo1Rn6,动力,,
hszDKcUSek9dyP5o,动力,,
Mb7fevclI1UmTzo3,动力,,
rgv1ykaC29JoQlcu,动力,,
EKI7PjFs81Lc52uS,动力,,
5b2XhIBYPOCfMzcu,动力,,
n2Fm18vbEDIa53ys,动力,,
Mq4oVg68SWFBz9i5,动力,,
7hHUfbrVKp1aAFmN,动力,,
qvD82LNTpMdsAXIe,动力,,
sKPpYiV2bXWEjTLc,空间,,
KaM0rQpCE7yLYgH2,空间,,
g1qaKmR09LUXcp8B,外观,,
OKVCfRJ8X9BwxaTv,配置,,
tcPLeKdDrkYG1394,价格,,
siYq5vrJBQzkuZPy,外观,,
aLs9AwhZ85vgiRbx,配置,,
UneE7iqV6mW5HlgP,舒适性,,
8P6E32xNmKAebnOs,油耗,,
j2vcEXIrmkH9qs1J,动力,,
CshiU6A13rR9dbPS,舒适性,,
6JZHOqne2YW01FVz,舒适性,,
kFo7T8n6wXICfc3d,操控,,
4nAlYpJof87Nj1F3,操控,,
v6iprjTLdctoJW3b,操控,,
RF9YTAlbQU5CagdN,舒适性,,
DYhuU8SPpywX2eN9,动力,,
Aml1h4xUJt5u6bQ9,动力,,
hcWAJdmC9avz7MU1,操控,,
9Jt0O5d3s6wz1lkf,舒适性,,
ZgEVkuFc0QNqpsYG,舒适性,,
QRw7ngTJ2A5CYBGW,油耗,,
06vPIQBqVNe2dl3f,油耗,,
p0FUwsNPYQKl1HSg,安全性,,
BDoeHPlCiNVXEvrg,价格,,
ARIng69ZHsY7DCN1,动力,,
zPg9hyoViI8JUYw6,油耗,,
cBMxouh5FEnz36DI,价格,,
Q6aR7udCFz4U5jrI,油耗,,
y3Oa1dcwCjlBsRPM,动力,,
6ALsOa4BdUbFfGr7,动力,,
e04NZMmVT1qLJXIu,动力,,
9Lkxm8NewpuUVG2T,安全性,,
SEFvD0TOQgnlJsWK,操控,,
S1WzLCPqeIT8sMmZ,配置,,
MSn1hW8XCsGTkpxY,舒适性,,
AC9siSxTEzyKrlaZ,舒适性,,
5rBkYEyl1IU0TVhC,操控,,
WZmFIHJLqT3O1BVk,空间,,
x6mbO2rHfU3hTej4,内饰,,
8Hdtp2WE6nMf93YP,动力,,
ELck8IARbwdpgvri,价格,,
HfSMToNXhrwY3mlk,动力,,
rM6sP4AXpCfNc7xR,价格,,
14dQnL9lxMYeksH3,配置,,
vdWmiISbRku1Cl3J,价格,,
41UzNi5pMPDG7nhf,外观,,
NAC6vpWtqaTQYXD8,舒适性,,
HAVTYESJNfjlZ9iM,价格,,
42VhMRSsCcn85kEd,动力,,
Wf9T283SZphL6tQ4,配置,,
D2HpBfqwoecTkhdS,配置,,
NT3qf2R5XrGonlgk,油耗,,
dm1W2BIEyJ0Gsxp8,配置,,
Mglj9pKWkY7Isixm,配置,,
otT6DmhdEpx5Q74R,配置,,
SclmZXYIUoBv478b,油耗,,
BZ4Ig9Gr7zQPM6Xt,动力,,
FLxPweOVGBTmnoQE,舒适性,,
H903fh4mU1dtQTiZ,舒适性,,
g27EQ5F4bMjSp9qc,价格,,
o9iwO8ChDBUTJ7YI,内饰,,
tka3Nq9TAR5BH7Ij,价格,,
lswKvJMLT50iudoG,舒适性,,
QG07en46S5qxWUud,油耗,,
u3gf4yJX5SNGmhIs,舒适性,,
9firBmw7PNz0XQyE,动力,,
bJ5L9HBuvqgPm3O2,外观,,
HkGilbeypwMczdoQ,外观,,
5jHabez9oxP4CY8O,油耗,,
eAfZWrs5b3UJP7Bl,动力,,
ocOHDW3kGit6jpBm,油耗,,
xDOnv0fUogsFlkuC,内饰,,
gTd84yZ6R0VLaYSF,外观,,
gsiR7FHy5YndmTXK,价格,,
nhAC4mEYRazX9dJL,内饰,,
Mj9ZO61VWTefml7z,舒适性,,
cdV1254iqHpAawt7,动力,,
dRtVLIX4F60YvMbG,舒适性,,
Na2ezFRWDrCGY571,内饰,,
s3U4wYnirNfeQ7o0,舒适性,,
ZvSrjpV3oYxARtOq,操控,,
j5dIzG0CvbFxlQgf,舒适性,,
WXLA1peMJxl2RTQg,动力,,
1YyTakcRLKS43CWs,外观,,
N9CZ1kQdnrxPaqRs,空间,,
zXPLFe5Sqvc06RuG,空间,,
qpPHjUw7IMJNFSub,内饰,,
JlWDb4BCsTiN2Ie3,动力,,
VocwTNU3JkR50mvI,安全性,,
O7j9h8MaymUvVAtT,价格,,
wogvV9fYFN2uHxMa,舒适性,,
S7uwyZiTsRWX6Nzh,安全性,,
CF781DrEqjJh5eHX,油耗,,
5TCU9c6I3esSFVx7,油耗,,
rsPHOp7WeK2uYgb6,价格,,
N0MLJFXRIE3wVl9d,动力,,
1WCAISQtuEdTZ7G5,舒适性,,
KH853hdTJX2nWM71,油耗,,
a52KoCrScpnW8xlR,操控,,
ikqn9SVU1dDFeYpb,油耗,,
EreqkWG8o357Htdh,价格,,
UWDsRXma9t6FpxKo,外观,,
oK8vTpZzAag7iCur,动力,,
QqmEuP4l6sMTXASx,油耗,,
AdTjwHJso1K6Xcpa,内饰,,
qtW1wiyejr4zF3Hu,动力,,
m6XbwZQn9D8hqOf3,舒适性,,
gaoKxMwZOX7TQSbY,动力,,
4PUWD5HkGZFdcYr6,动力,,
j5dpvDJ80YWPSew3,安全性,,
4SDY29tXIivB6VLZ,动力,,
x4fpOqR6sUiClheE,动力,,
H6CfVzu4mLq0JkR7,操控,,
jMWAIfyUN3sqTovd,价格,,
tDN57PGxglB8WOdH,内饰,,
ZbGpiu1Q9vEkHaVJ,价格,,
q8mnYHr6vAKoTOx9,油耗,,
W8dF6ujP3KemG7ac,外观,,
vF1hy5Ple8XGEOVb,外观,,
97fvXxIlWCbBYULt,内饰,,
guCoQmIawZqz374R,动力,,
akAurTlP2oUxnzyv,操控,,
8oeBjF7TwlPyLvcY,舒适性,,
JDwFsuZQMy5mVRzp,配置,,
TMYuydGFgJOWSsLx,安全性,,
yQhSYbRB7gu3Pma6,舒适性,,
xQbOMh3lHYJNAWsv,动力,,
bX2DFsLOUIMxQzCB,舒适性,,
sdAoJBha65SUxfWM,舒适性,,
dm6eXoIg9Df0nFaV,配置,,
qopu4EsiAz9KU7MC,空间,,
VuQntJTzsOL1ao0W,动力,,
3GtNOfDcna4Mzk5i,动力,,
T40PlF3fkStJdIx9,价格,,
3s9NFKhCQk70Ti2E,动力,,
aKoINhXEle3QS6zy,安全性,,
RjTnb0AcmBiaP2ky,动力,,
p8SCmcxyB1aeOTYG,价格,,
uPCDeFYmpcfRz1tQ,配置,,
lkJziVEyecn7d5gh,舒适性,,
xXQtrRW7UOwPCbEi,动力,,
Dj6R3K2iLuEtUnWG,动力,,
SOY2TGwFQi8Etknh,动力,,
6x4Is30vB1laSHoN,动力,,
ZAx5w2LSbkGdRMFQ,配置,,
Z1kNWAOM9rYol0Ve,舒适性,,
V3xslWKOyv9ILquX,操控,,
7duqegOxLs2Vo8XW,舒适性,,
Krp3Gzk2aNhHJ6R7,油耗,,
gnpKm9FPl4Y3OL8h,配置,,
axPES1MA7I8BlcvO,操控,,
qrM0TVRhAm18Q6uO,动力,,
PXdW23e95gLOhBaf,油耗,,
TBy1z62utW8GcvIs,动力,,
HWDQF5VOam2NR6rX,舒适性,,
heEaPY3Z1upcSxyt,动力,,
BgJk730pyovPubIr,动力,,
sJlZXtVAdKeq0gha,价格,,
bHtilDz4Yf8v7TmS,空间,,
tpl0FmwfHdM13qZK,操控,,
6oPvUG1VLyzSKxOM,空间,,
YUG1zybnqjSDmZkJ,空间,,
USrqtIMjsYzeRi4W,配置,,
fwr9qOUYsxJK0ACm,配置,,
Ht7R0SnZMEV1eD6Q,配置,,
5uj6bGWhXVE2aceA,配置,,
XfUjb9C4gzecudla,配置,,
xsReYtP7VfJjdhSF,配置,,
tHWyUYRxdGbqf753,配置,,
6kCpDM1SoTf0jJPE,配置,,
goKCk8Rb1pX9WMHm,配置,,
8ijAZKYdwx5BXeEz,油耗,,
e3okWLYKjs9G72AC,配置,,
jITzq8OdwA31Htxk,配置,,
t6UAah74Glob2D0V,动力,,
CmpW4Xv207JquMt1,内饰,,
4wZWbHCFdfML9KuG,内饰,,
WovLRxkSqwECfc8X,内饰,,
oX1pJ3yMtIaOcNWA,内饰,,
s3itxIAdrfum9pcW,外观,,
pZwnM9mjutIRUkXs,内饰,,
92br5tQejaEywGWP,内饰,,
j32vz0EsGwWqnPyX,价格,,
auH2N6r5nbFAiIpd,价格,,
ZwRt05lCQKhTJvP1,价格,,
h1EMXCOJgZmAU6Pz,动力,,
9f1boRZ3OC74gtX0,动力,,
fqWAnpjt7x4uRYCX,价格,,
SpPEa8nQWH6hlFNu,价格,,
f62Gp0gW98REZAuw,操控,,
GNa1PiTpkvQS7Brl,动力,,
PQ4aUyTilNXxORcY,动力,,
yNG3vwVFWsjkRIMg,动力,,
L2XqxsdSn46Iluap,动力,,
5JBfIwshEo6tUk7K,动力,,
CmIWFZpKzrEfqDVw,动力,,
ZAPEkuB72jnC45lO,动力,,
7RN83mKkVYUHsT5l,外观,,
1NiFvMeJH0mGW3DL,动力,,
54tGhC6PrfmegIA1,动力,,
QAIbFNTvKfR5WiyD,动力,,
74gkpaVmG8F5UCoy,动力,,
yYV0rn5D2fNUwmIx,动力,,
NqFnG0WxBMp51tea,动力,,
JSysamBMxUlE3w4d,舒适性,,
XyZf0bjvpHk8OM9i,动力,,
k41e9Px3UihCG0mp,油耗,,
SCZnbgBQITP40LoU,油耗,,
SMJC8lbAtwDmHQr9,油耗,,
ig1CYQufD2BrU3WO,动力,,
qLpTto5K4MyNFBaZ,配置,,
HkaSb1yPMxmniAOl,动力,,
m6Y1uZiXQ0Stj9RH,动力,,
EmMhBLe53vG2rsxn,动力,,
C2izVwpOYvM9JjDt,油耗,,
Mb7Zz60NWyakEcQ4,动力,,
HEORumQAIFNMzDd5,安全性,,
gpHn7KrjRx4Di3LG,动力,,
7RWHqS9pfuaFsxM3,油耗,,
pgUqmf15zBdHi4Et,动力,,
CkpXzGLZSt6YiRJ3,操控,,
c24Lb3hwHmUN6xFu,操控,,
PAZY0lb9LHWEVGfJ,舒适性,,
hVKzEGBZYareFNQx,动力,,
xipCKcrkQZHUS2W5,动力,,
on3Flj4VIavWHbCX,动力,,
pXEC2P7BzGYmUxiy,动力,,
EWYyMFKH31x5GleP,动力,,
uk17vcMZBn62Nhie,动力,,
NQZHaLmIEezTJ4RM,动力,,
co5nyPfVM90BZkDA,动力,,
u9cyYrfEjDaT84UH,动力,,
gJBbLW7NHT8iOnpx,动力,,
jZRuDrH5O2XG16Ac,动力,,
flA3kPNCHaVpheZo,动力,,
Ktq3p75AxoNGWCwn,舒适性,,
GsF02l9KgVvqJhn6,舒适性,,
otQSEuPxej9lZnRI,舒适性,,
nO5xei9AWYfENbR4,安全性,,
CLvyj8XoId23B9nH,内饰,,
tPHVDaFl6JZX3QOT,空间,,
l4GZ17PmtNV925Ti,舒适性,,
6GjoJk7wyDZVFQ3C,内饰,,
bnJs8fFTetghcwOu,舒适性,,
oxfEewZ2OpLTQHCk,内饰,,
rMGqhFUk2caWpL07,内饰,,
4aUn8IJ1to3uCeT6,舒适性,,
khucIwyDv2Jir5LF,安全性,,
3jSw0GWRJQ9BXoyt,舒适性,,
9MZEmklAn4bBRHwc,安全性,,
A3fB0LW9sSgyZx8e,内饰,,
5vHgNbhRuU7IEK0W,配置,,
0gTQCnKUoP9zv5mS,动力,,
YdwaSTE8ltUiZHDM,油耗,,
ov2mM3EU7uH9A65Q,舒适性,,
HwhtEmxKsTj1aCIP,动力,,
h6TQ97vDpJG3kHoS,动力,,
cVlv8HZPjB6m4y75,空间,,
4WOkTuMarEPw5fo7,操控,,
XcTm3FlvduPys08h,动力,,
kjXVLom64WiMuQwK,动力,,
e2ATqS3JlL7ob1zy,油耗,,
SodBsCOQX81g9npP,价格,,
BcEzqdb6HlyGae17,价格,,
nPKxqrigWs2zo3AB,舒适性,,
oPmtKcq25v7i1WBL,动力,,
BtKIWmdH0Zlk6jNX,安全性,,
DWCAvrcNBPwxZFpI,动力,,
BxtTSEmRsLWMFvI5,安全性,,
cWPZhVkyJmlqIxpK,配置,,
7CHjv8VgkXozbhEa,动力,,
x3cetT4bV1iw5EDR,舒适性,,
Evg7IudDBGn42btA,价格,,
iqfN9xbm4kestrQn,空间,,
oWMCgrBjRVFU0mKN,空间,,
gC1Viv9aXJSpjnRU,动力,,
esnKxNyH6YRCvplI,油耗,,
XJRznHOEuCaLZ3Vy,舒适性,,
NvQXnEqaGgiZcRzh,油耗,,
RP7kyNVaSbjedXzn,操控,,
2P7XFg6CqrktpmTo,动力,,
RBY2ermiwKvUZu3J,动力,,
bxH8MZCi09LpoRNQ,动力,,
dbY6SqBE9UiItGka,动力,,
GSkEx7rjYUKCvPB0,动力,,
2mpYHKbezMT4aRD1,价格,,
zQ9gsJmFyPX64YMA,动力,,
9dEcZPq2Vb0rfupR,动力,,
kP3rhzZJTtsldbUR,价格,,
aR76ShpmzdBZiFt9,动力,,
gEiv0n4qTj1MPUuF,价格,,
5lFRLkuUODQ6wJES,舒适性,,
JgOyYlvReIxEoCGU,动力,,
vZJH7btSIYN6jkXC,价格,,
FjfwQc9OmzDuVA0p,内饰,,
NvnHL1P70qZxFfbr,舒适性,,
PIa7mWRdnD4Y1SAt,操控,,
JUISr7g514Y8VEoj,价格,,
yC3afKYxGScuBvmE,动力,,
23dl14boAyWkLuOr,动力,,
wutzFdCyRmBVZUPf,操控,,
nEV4Xq8QmFIWDsSf,价格,,
XdaQmi2cAYqHENIx,油耗,,
sa0dj6BixK8QJOpb,动力,,
plOukMgewSH5dDXU,油耗,,
C3XZHxoPsjNYBdun,操控,,
zDwITtMRVu10sqey,油耗,,
wpEQ0ZFLoJtVBiN5,操控,,
tNGBT56AL3kcJy1g,外观,,
HmYrcn0IFNevJ7kK,配置,,
juCpqT3UcFW1o06G,动力,,
qi9FRgkn70yJhV8d,价格,,
NjgqTBvlH68mWId2,舒适性,,
FnxNHYEG7VKrLpjO,价格,,
FolwpA0yfQLrZEiH,动力,,
C0iG5Nud48OmX2Pk,价格,,
DamKXCFiZHT37BGO,操控,,
RjfU4HnaO0KSzlpC,价格,,
E3NbgOkJ9tlinSDp,舒适性,,
C1jK43ImNPsUTYuf,内饰,,
m4Ps7aIlUHdNQ96D,价格,,
WaPyGLwQE0izcMd1,价格,,
uHMWwOS43IQ0fK96,油耗,,
FHdO4pZhf95D8bzi,价格,,
T6UWGk0OZmbgE9xL,动力,,
gn3HYMKi4GkDQT0U,外观,,
QLfuikY4NcvKZjW6,油耗,,
9OS84ZmRFWL6nu17,价格,,
pgfSJHQPcouasvLX,动力,,
i8yeJ1PhSDWQntf6,操控,,
u6GAPLMJ0Z17jpcK,油耗,,
iPvq0uXhLj4zp6V1,价格,,
6veUACrcbaDWgSPq,动力,,
wIhbC0s3jmGKW8at,动力,,
2WAtqCpk3EHsYNLG,价格,,
qSoKXCQmPf6v3aEA,油耗,,
FZmN0vrUKYuVsDtl,油耗,,
LaG0oqHdbXiuc567,油耗,,
CTatqAVoBvLW4GbM,外观,,
Lxkirv1mpWqPR4SD,操控,,
Ia2LrtOkdXybueES,油耗,,
MvTeRyIP3bDq89Za,油耗,,
ECRjsnbiIY74PpDO,价格,,
5vIQZ276cW9nhlUs,动力,,
AzyW4NBUETH7vbgP,操控,,
YzigLBmP9naDrOkd,操控,,
MLKIN0SUHq5v8zYW,操控,,
gt9voj04c3eQlOHs,配置,,
wDxEtaUH3zLoPAI2,动力,,
OBd3i7fxTRQSL81h,价格,,
cD9s48BbWiwykgU3,价格,,
4IONEgTitCLGye9Z,价格,,
OSwysxEp1KTU4ZGV,动力,,
KY8LH4SCnWqD5d7j,油耗,,
meNdXs32PROBrfkH,油耗,,
k05bFn6OEedjq9vH,操控,,
YUkilVqunSyWdFAJ,配置,,
nmldu0FiyIZS9Tj3,操控,,
Evce8rR6PZIXdsyF,油耗,,
JQacu8hBCoZjdsPX,动力,,
o5G7A3ZwMImPHbnL,油耗,,
xjSBDmyXaifbcCKA,价格,,
WL6HsMEi3kNXjbwQ,价格,,
6hfTwBpMCeHUqbux,动力,,
dXJM8HgpAFsGOnWU,内饰,,
87qamroLVRjO2T5B,操控,,
Yry8UHfBKa0jsEJD,油耗,,
FVsOCzBcxbwJh2T8,价格,,
mjA8z56SRBw1nhp7,动力,,
aERCNQcw9WPjtSTb,动力,,
zOgYypuoj3DnHqdK,安全性,,
7el5K1ChiVGLaDyJ,操控,,
kb4dKYRZEAnFToIQ,油耗,,
iVy9LYUc8HeQ0sdF,价格,,
UAecLQb5yPFEoSuj,价格,,
yYc8UX9WwPen0FbI,油耗,,
6BaeLJtDuKXYQgb7,油耗,,
wB1jPZH8753R4lJk,外观,,
p9uHKcz3FYlBmieC,动力,,
fRC3VjrYoL2OFZNz,操控,,
X7lts6RbF4eO2LhN,价格,,
3W9IVfP4BuTlv6Fa,外观,,
gAvGSLtTWClK360I,动力,,
FXbmRq815WQnuSeO,舒适性,,
lT1uLWgaswAOUjdk,舒适性,,
JuzNxctnG7QbFKso,油耗,,
m6FcX2ICDUNGRqnw,价格,,
9IGP8J5XtxWnjBlo,舒适性,,
Sv7PqgH5IRpQst3W,价格,,
bEKPlxQCA4pcwHNU,动力,,
KYyblSApEOBWR0eL,外观,,
faUv4IeOMgAJD7NE,油耗,,
bj6H0Og3DuUkYyim,舒适性,,
09hwsk7P5cvaVKXg,舒适性,,
pLKVyHlB9n6Yr4XC,操控,,
TZORfDtCeIb9KJwE,油耗,,
KAGgiNr3WmDIoyeJ,价格,,
vD9VeG2iBSbuR4FY,动力,,
lZdp0QNELeyfo8Di,操控,,
FaoyPdLRkElUgb15,操控,,
KEOIiakFoBJr2dRp,动力,,
6e4AszdSm1Bwy5MV,动力,,
mebpq27hozx0Hv4a,价格,,
6yzHFPa2VT09plQj,舒适性,,
KvLw6eoZ4FjzdYIN,动力,,
O9lkmGTDUgPqoF4i,操控,,
sentDHB4yQAGR5qd,动力,,
9v7qXWnwuIgKDBER,操控,,
b6KteS4iBquJc0FW,内饰,,
Uin59f1Ar6ELcmZu,油耗,,
MR0mcoHQrWXFqJAU,价格,,
QvF7YN3B0UdfjpLT,油耗,,
w587hbgUGyIAJCcF,空间,,
UPKih1JczNOf3YdR,动力,,
qRO9TKYzdVfuFtvw,油耗,,
XVWc7EHDPM3BNhqi,舒适性,,
pXrRtj4S6EHLeuGJ,舒适性,,
OoMbuNVpZ6IUhXLC,配置,,
nu5x4Ke1zQvAWrLw,动力,,
9ldhWyQnDV3Bpr4J,外观,,
g0fZRwv1tWXLloUr,动力,,
g3b9aYo1wISymRn8,动力,,
SDzAtskNR2rebiu3,动力,,
IdusAw5VFOpLztJ4,舒适性,,
LAxDmybokc5IijXh,操控,,
EDjrVy06wW1QKsCn,配置,,
OxIomfCngcuTyaEG,动力,,
z8GLtQDSY7ewo2Rx,油耗,,
zfY1mTl6IdCeN5oW,动力,,
Ws8FLlqgJdvjmpkf,动力,,
qprZFwPWEnxV7mUQ,舒适性,,
CYXkDtqioJyxbGHZ,舒适性,,
yYz7M2WaHrZgXhuc,价格,,
IoC4kMGmBzZLvabl,内饰,,
qNCMRgG1xvrysUTL,动力,,
gCVavlsY0mF25dzR,价格,,
GflobpT9ijXwOdUe,外观,,
cSMj9dkghvyolA8E,动力,,
ZXJDu2QoKyFcantL,价格,,
1BwODEj0vsXiWGTP,内饰,,
usM75JBUIWXqh81Z,操控,,
ansHJQfY3d9RANEc,动力,,
5ORFufGL1gJqPXcb,油耗,,
uj70WQBqvYT6wo9R,空间,,
BnYHIo1OSfQNDwKE,动力,,
WmHgCXdOIslED5NQ,价格,,
rIka0x2W9MlpPw6V,配置,,
BNtFyKUzcO4P9SVe,舒适性,,
H2isRZMPX9C5bxkF,油耗,,
ELdjWvrgNzpR5shX,动力,,
DSPzKeLH0uhMtqbj,动力,,
kH1Uj3GozYiqpt2E,油耗,,
drjKsNTnk4mWUP8t,配置,,
iqkfESIHX5hjN1B0,价格,,
7fe5siYPBWZADda8,动力,,
f6as9xEbvIQi75WS,油耗,,
21BHMtZ3lbmzvYWI,动力,,
2vSQnRuZdGO1MFUi,外观,,
utZCnePpvXOERx5L,价格,,
J604wB2pgGfuDicQ,配置,,
vgkYQtw06TsAENDU,动力,,
7OBdlZ6YKp95SVGH,舒适性,,
Qykdt2N3oGAhrgOb,配置,,
DV9qcNmIg8O1vFHY,价格,,
jBqdNvYz46f9SiUA,价格,,
CiKS6BEcV9txNe8F,价格,,
SNZAupTeyE8f3DOa,内饰,,
aWVobSZ95j2gydMQ,价格,,
cXPlC8xS9NBoZmvI,舒适性,,
HPR0bSL3CZhuXiNF,价格,,
92GLtM6NPu0CQlbq,价格,,
AdicesC0Y81JQSt5,动力,,
d9Yo1whB5EkNLPJZ,动力,,
u6Y8DSB7nZWlgJNv,价格,,
TcW1r3peXbjy7mEd,价格,,
jFysDmnNYI1RK9A5,配置,,
uzHYh189ySlcvQtL,配置,,
MdDwt4EsZpWoHKg7,动力,,
t6nfBVjDOw9vxmqr,动力,,
7vM2TIJH9Qbe5qcN,空间,,
ElD4L916Kqu3foVT,舒适性,,
H6rOgMiWeovFyYQD,舒适性,,
X9tW1vklqjHU20yp,价格,,
ZMD2lEGc1F5uvbKY,操控,,
bvYTCJoyWRrFdIOe,配置,,
M2CRIPTD9b5Gcmds,空间,,
4E9Ahb80ecm1LMUQ,价格,,
wDhOp9q0JeCAod2G,价格,,
W67mPuqewJ9aMc5b,舒适性,,
h8s3jBtw1NgiF6DI,价格,,
nmVxt4Tyv9CJW7ag,外观,,
1aYrZnCMKBoX3s4E,外观,,
7ieCQ419O6jBvbWk,操控,,
lMSvUoJmbs5aOAr4,配置,,
bV7YdEhL4BQaCprz,舒适性,,
BevXWnqDitsjJQhY,油耗,,
8tWqrNif2d1vn3yc,舒适性,,
jH26yO7biuw3Vgk4,油耗,,
fJdn62OWukaoe4mM,动力,,
W2LdbRay0vZTi5Pz,动力,,
oLOFZx6IuyH9CAEB,油耗,,
S9nuf83qIRJ0C16c,价格,,
Kj9XGruNPEwWDRiT,动力,,
X5fKCPbQla9MGyO6,配置,,
LzMP3x6NiRIhn1J4,配置,,
qjNEdkwbV26fczBn,油耗,,
EFGwePH45xyBWUcb,动力,,
Bf2kUCiYsx8zVuKZ,价格,,
zCKD3i8kc2svrQSW,动力,,
UbCTsEBa7D4loFLf,动力,,
96lEufPqmH10BpoO,动力,,
UuaVhwncR36Aoqkd,外观,,
pQmLUbXGln3RJjxE,动力,,
lByQnzOS3A7f0ZPu,油耗,,
Qs2XdNyZezG5qDm0,油耗,,
oAMV9ZCFlh5IizHD,动力,,
cKxH2Pd8M3JQD7ja,动力,,
fVTD5JUWYQe3R2w9,动力,,
TF1dEg2cpsnyC9N8,价格,,
yiRPIe8JqXH2opuB,油耗,,
7Trbp0cZ4wfnJdxj,安全性,,
ypgtWM4Ks3ZR2BdN,内饰,,
BC5xyqD04oWeYRbl,安全性,,
pJUOMHKviuEI4bSG,舒适性,,
5cq2rLbojOuFiMZS,动力,,
RCEkxf7X04bpOIwa,内饰,,
tfIs4yCeYoFlBP3K,配置,,
7n31fAPQvzuZDE9q,油耗,,
UPAlpjdvTWcIXMVt,配置,,
CzcmFPdZspvxhn15,舒适性,,
4NjVBL3t7FWqgPJX,动力,,
K1T0Cn5cNdOzEbpm,动力,,
iW9kR0Uf7h1ENxKa,动力,,
dVpfHBG9yDblOAE4,动力,,
I5yzgdLlFQDfnRpC,内饰,,
X8JCHV1snwA9LpES,动力,,
HsIpqzCDF5cA39PZ,油耗,,
QstBTHJ6o7UXY9vy,价格,,
rjDtVbpdoYgfmnTQ,油耗,,
nZ56RpHemMzEYCVd,价格,,
zalAOVtiG1Upe8Jk,空间,,
8SLQhgEHsDZiY0G3,舒适性,,
JcbGvKkp0oIltRCA,油耗,,
tKvrRDxVkGFci1WC,动力,,
Qi3VU1KWJEP8egYC,价格,,
r4ph3Ad7ukP8nJRT,油耗,,
9yHswJVzLYWBv7DF,动力,,
jlJM5YCSrXygxOpD,安全性,,
rbjBk0wUl2FKa4hi,操控,,
hS3dVHQLOcKrPkBy,安全性,,
eFzO9ogbIJZ3EwYR,配置,,
Jz6Vt38OHGymb9M2,舒适性,,
VqT6oaI7dRkEsvJh,操控,,
qy54altSUH6NnjzI,油耗,,
uQRGFCrTxONUekwd,舒适性,,
xbHDrupSlPEoGLQ1,操控,,
L9tO1jeGMzmZUx0J,动力,,
gyXcsSC2eHJ0GdTo,外观,,
UzlawP67YSAO1HWD,配置,,
JQ6CTFYDoSihxXWr,配置,,
LdSU9FJKYkja2pwn,内饰,,
rC9gjVLbJeKUt8Zv,配置,,
hTmRLDS3H610WEGJ,油耗,,
LobyXDu3GfzvTO6i,空间,,
Sow4k2ylRDgvFm3f,价格,,
dTsLzOxYeA8yNCBh,价格,,
Zz9IUVhrQgJqeGv7,动力,,
YSeEn5CvJ1FkgoQh,安全性,,
ZVTLb5YBRHwAs4qh,油耗,,
6jce4mRanQMGoE9b,油耗,,
dEQ2H6yVaAh7P5j8,外观,,
eiR0Iy3lLo8JEYgd,动力,,
S1hHF3MijXWIbzwt,操控,,
6i0Rzsv4pVEHkXM9,价格,,
VJuCFZrUz5RapBgX,油耗,,
XKjTBw5OP89DQLvF,安全性,,
hScziZFfO71Gb02l,操控,,
KYaEbkqyUBA4Dtou,配置,,
wGXiACrD3ymLkBR0,油耗,,
6OdjnoPyKUQaDv31,价格,,
xfLZk8MAbU6OQYVp,油耗,,
f0nyPXhJAbr3ZxVD,动力,,
Wguopj3ZQzSH6Bx9,动力,,
EYSxnr1eUpbQwLuA,动力,,
7ADnOoqHVgKSbLuR,舒适性,,
1yjVZfueAY5JPlhK,内饰,,
SVDsGBzTyR7geUJZ,动力,,
i24bgYQmtysxEKz9,操控,,
uNQz1OtKm2qviDR6,动力,,
Gi3vb2Ha0zCoTk75,操控,,
kvluCRfjq3GIhLaH,配置,,
QPt1bTO5yKpD8Hx6,动力,,
Z0SpD3Pvtoj6x1le,油耗,,
KsAywUF0QmbhYG7j,内饰,,
bEf1ZICFYTW97Lr6,空间,,
IUOaATJujgxtLpsw,内饰,,
ocn2sERkmjqQXu4a,动力,,
SrzCwMmb23Uf7PKg,动力,,
PSZohVxMmTkD821t,动力,,
QKl2ZEa7RoO1D5gx,动力,,
MdWhZP1Uj4xYNL5b,安全性,,
2u0Jcw8TEns6KlQp,油耗,,
uziQ92KcdPaOLAjw,外观,,
UR7s1tVcHXWNTZhy,操控,,
PkoMaELQGUmgFwT4,配置,,
aExKDj9fJ3uMWRAh,动力,,
mvkRl7asobxzLMyG,动力,,
OP3A1vDpTWIV4QR5,空间,,
fl2Goc9ZTbimrqgY,动力,,
TfQUE3IXugtVsHFN,动力,,
SNJBxVqDgp9vAKTr,价格,,
sgIYzSvnFhjBVPmN,动力,,
qRL2WfeDsHiExTJV,动力,,
EZmH5rdOcFoyK2UG,动力,,
ilVBrAke3EZMUyPt,安全性,,
R9X0n8kExU7IDWC4,外观,,
WxEeKpSHrmBI7Clj,动力,,
JeE3SgAtsuXwRzW8,动力,,
snz2FbtveQmiBkSw,动力,,
rYhGEQicpHP8tZj2,动力,,
znAvgJaTW4M0BfmG,动力,,
D925FbmgOYIfyoAv,动力,,
YmJvLaRo2IEViHA9,油耗,,
4yL7D9NefqodO8FB,动力,,
J0bUnY4IPvZ1oaCt,动力,,
p2DgM5uoHAT9XPki,操控,,
aU5RcOCxXFNZ3tvJ,操控,,
zlWsZHG3KjfiUSDb,动力,,
3Cw8jkALXivOMqfx,动力,,
wRzlYSopnT8tHMmP,外观,,
T1UXBuIpaJxt2Rkh,油耗,,
UdaiYykEnSQ4txcL,操控,,
WYy2vQpGH3eAhtrz,油耗,,
9fqL8bdKWXJcThNu,油耗,,
4oye1CWiz3OBaKTl,动力,,
lC9WBmsbinDwXrPe,操控,,
QrHi1I9AM75BdZcu,空间,,
f9xNeIHwOLTAls2W,油耗,,
gzYnU9GOx2B3TFla,价格,,
s27vTZQLJUfh5mkA,价格,,
iUbCNmvynucYRj5X,价格,,
2UBZ7gjF0de9SRWc,价格,,
BOd0oJ6g1hTnkKuL,动力,,
RZmu9FkdT04Vpx85,动力,,
CB8xX6FdUeSJia1c,内饰,,
JjiHAduZ3KN1vBmE,动力,,
cSAgX960KizLGv1e,价格,,
wKQIg3OYrmpie2nT,价格,,
ldP5hcgTAKWfBbGJ,动力,,
xUHl0LQJ9usiCwcV,空间,,
B4xdCgYTVyvurDUj,动力,,
ZltvGnA5m13WLTKg,动力,,
3p07am26KFC89NBM,油耗,,
EXSrYLdzcQvjyT74,油耗,,
m9clDQRHJEe7BVjd,油耗,,
K5J3VMGmEbHty2ZN,动力,,
4SNleaZoPbsivAJE,内饰,,
0lDiXVGqkezETMvb,油耗,,
H93sL4ngdmJGtARS,空间,,
BnCoOXjLN9GAduti,操控,,
4qUJbHaBIm5jXeuV,操控,,
xBDNvMtL8ZQbg4IU,舒适性,,
uA95avdpWL3YmUGf,外观,,
NeHxKWiUoZbQD9rl,价格,,
mxRIU03nkN7QSbKj,内饰,,
SW2KCuFyexEhYBVN,动力,,
U3QFHRfOXGTYw8Im,动力,,
tHD0xImBS5ZLh6nU,操控,,
LC9Fk6UJfY2157va,内饰,,
4Gu5FCl1ypm3MYjh,外观,,
8pJX65eRkD7rd9cW,动力,,
kGBvJTFlncWIX10z,动力,,
zORsTibanUPKqA7h,操控,,
TmUA689Qhy3qnEVI,操控,,
FATNSQnbGueDtVOf,动力,,
xHGBLXJ46qubCzYA,舒适性,,
zy2ZLBUmdKwXcE3x,舒适性,,
nJlaY3rVAPydU597,空间,,
he7O3saXxQzl8MqH,动力,,
SDKT7uqyZBLV5cMt,价格,,
UjvyLAzGgJIRDbla,舒适性,,
b1UBLNhDWS7mQgJx,舒适性,,
JoXT2sebKRifZnN5,舒适性,,
gKNIduqReyQ5SlGA,动力,,
td5LqgfD2sWUjPTY,价格,,
msfUBPLAMIHYVkKZ,安全性,,
LkZGyAF8qdNfuQBt,舒适性,,
rvsFY9xykTh4UR3P,油耗,,
iJj0sV7WDoPpxC3B,动力,,
fxc5HJd6vlU2n3wV,舒适性,,
PL4QzxNe8wsGYd2t,油耗,,
nX561cF9aYChtfsA,动力,,
fjtVdyKrDesmcGv5,空间,,
DcgBNjtiLyvfmbwT,内饰,,
hY4bE1WceJXvfxkM,舒适性,,
bMZLdocNjy9zhtUV,价格,,
HqdWmhoDNjFyMVBY,动力,,
dc6lm3E98HUX1BqT,油耗,,
Z4z0htmdXfHnEub9,安全性,,
6vaKfrw5bUSeOdDX,操控,,
we7MboXtYGQCuByK,舒适性,,
IBnweMx4ygGZObjJ,动力,,
fAjQZhGbsIdPxlN3,配置,,
5sC9Gq4L713vcpWt,动力,,
Y52oLvaXJ4NfTiHp,安全性,,
hkoHX79LspCBglwO,动力,,
29zOhgdxb5Ry3irG,舒适性,,
oEw5Vt6lpeX2Adg9,舒适性,,
I5AGQL3jOYwUkbte,舒适性,,
JZcztNaO7jxwLlYG,安全性,,
Jma4BfpWTSwk6x2U,油耗,,
zwP3YJrWTxNnv9F0,外观,,
cYPmsrJMOa4nlDou,操控,,
ZqIDRvrB8fwCNXu9,内饰,,
fDUYhMEs9wBW1o3L,空间,,
kJ3zZl2fvH1sO5SQ,舒适性,,
bdqIDluG5kZ8yB0E,动力,,
hRdiWSO5TFyoEteD,内饰,,
trkwUxXBOTW8scKv,价格,,
NYcdrFwQitb953fo,动力,,
kXqR9l7vUaWsmrVT,操控,,
MrigDFAYRsEfINkq,价格,,
CtOKSDwIzyrehEci,价格,,
YBVgolr0QpKSHtjM,油耗,,
3IXzVv7KpRC2tdQS,动力,,
oUS5x2RH6YKb9rOZ,油耗,,
i8hcmETg5CBa02Sj,油耗,,
5USD0pfeCldLT79m,动力,,
pt5BcYLVWrAXq0GO,配置,,
uRXVYHAPQ2c6xMCO,操控,,
056sXLUenx1pItMv,配置,,
LlYeGpEUvji8yc67,外观,,
3pjICsZE4KXyHYA8,价格,,
7XMHcBdeo0nKRNrE,舒适性,,
PRzBNSQ0WvlJXjcG,价格,,
cRefvwSOFjd2pMCl,配置,,
0VapY68qAvofEUgt,价格,,
X3zZC0KfxVIMON5k,空间,,
QHrK5zZkTX4wWude,舒适性,,
WNhHv91fmt6OaSp5,动力,,
Mgw1hyc7iC9AXGn5,外观,,
0FhVawIBEuy3rkZt,动力,,
kbBPiGVeguLMQn4c,舒适性,,
EWSFin1l7JCw0yOb,舒适性,,
KDk7SlN9q1BcFa2u,安全性,,
R6XfcNGFio7Sq9VA,操控,,
4EUXhTtA5Il0DPGY,价格,,
pwiRFTLHz7r5JNWu,价格,,
SR6Q1IwTKUtVFb4p,油耗,,
QgBLtMbjoW5zqFwV,价格,,
PlcNETm3FtzryiJf,动力,,
N9h6FfCaZiQImWgE,舒适性,,
BFObiKUfX40r7uka,动力,,
KgHo2XNmz59SLbPI,舒适性,,
BLpnDEK2MgYWqFhR,操控,,
mfvyRCK1dM4qtHBo,外观,,
S9bdvzojeuU1VILW,价格,,
hcapYTBox42WsSZI,外观,,
krfRF6zIw8uNjZhx,操控,,
SlMeUu5ivcAJqVX0,安全性,,
MvwkAXbiFdxrq4U8,操控,,
lIZrYjg4U7aBOzwx,舒适性,,
NGyshKCTUfntF4E2,价格,,
4Kd9bsYSFvMipwWy,动力,,
9y47pHYWnBKmqSjb,油耗,,
0UFPpKZAuO58jTk1,油耗,,
DZLR0tNlrT1u4fjs,安全性,,
p8KlrEFaMN7kw49d,外观,,
tI35NaPYw98BOrWi,动力,,
OJAalMdiGVwc68Tk,外观,,
SNAizMQGUJCYBntZ,外观,,
7ie4ysZjXJ5VUDuM,操控,,
oXH1rCKNQeuSzRaF,动力,,
CIUjik9uDBxWScgt,配置,,
Bdw4SNHzOleoPqWj,操控,,
DHMPwZAtEV1mJXhT,舒适性,,
v3S6zNeBut2g75KJ,配置,,
o7xQ3LOfbgdekw2a,舒适性,,
65t8T14jmI3BnKED,配置,,
et5VZWzFxImKYRvj,动力,,
VDXmqcPTKF7dtenW,动力,,
10jN9LtICWPOEuhn,操控,,
uyRJHd68iBMel7cD,舒适性,,
XHMZeUz9uVfik7rA,动力,,
E4F8RcQVtDWxpUiC,动力,,
G1tPfoMLxbkemFuZ,油耗,,
Hki2n0YSZBA8hdpg,外观,,
lZIUTWFehBJpPEkX,动力,,
KgqCX6eQjJl3TmPL,配置,,
DJtXGd9TIj7oHZhi,动力,,
CGHU6PwzZKXduLVI,操控,,
9BFHXUj4RpgNcY3r,舒适性,,
hutUELR95IlV0v2i,安全性,,
ctUe4yWAIlrhO65L,操控,,
svpaOCbPeKwWtxud,舒适性,,
D5M0H8WsjaVqOKSl,动力,,
aqUdpHDzb3NFy0m9,舒适性,,
CvMqpTIEmWroJfd3,油耗,,
JXZdzFwTgAECRc2l,价格,,
SQZWNRE3eVJkjPf7,价格,,
2ie4Fb7PBfK8TH5Z,操控,,
ORvSEao5Dd2JLYAl,配置,,
kncumDHfKpPT8bAQ,动力,,
2zF6AfHu5GoP0nSD,内饰,,
yWkSsMKfi7qExwbR,配置,,
ElJts2TzVubrW8f1,配置,,
3iJr9qLspWNb01ku,动力,,
inNDaCQcu5W0xKSv,动力,,
yuMwv8A4I7NPOcJD,价格,,
jTa6KoI1ymA2HekJ,价格,,
cJYGbOXIMWZxCw5U,价格,,
QcaG9HgAwBmpuiZF,动力,,
2vQZt3cUpPxq1aFb,油耗,,
geMLRpxqT4jAJC39,内饰,,
kfXRn2sNyMrh8m13,操控,,
TaxO205pDtulHG9i,价格,,
nlGLBRifpHU7KAFy,动力,,
1QDHtwCLTPKxBFyV,内饰,,
O107RbQH8FIEdJC3,舒适性,,
3dOu6RFEPH7UKp5w,价格,,
suwj4c13B68RZ2gF,安全性,,
inktdcsu69TOaKQ7,油耗,,
u7BZNFiE0cKdojl9,动力,,
kKxJLtQApVnogGl6,动力,,
eRQatbCxdZyqILE3,舒适性,,
b5aExqZsgelO2fvp,配置,,
MviKfxQgL6NkUGjc,配置,,
ktRpUxV2XhMAsT3m,动力,,
k2yucZ7QgNDK5Xo1,动力,,
6RcohtkEwFMg3Zx5,价格,,
UswApGFgzucCfJ6S,动力,,
ayLZMdpuOilGv6qF,价格,,
G6spTavu8XbnNw41,动力,,
fVaR2Yew87udU31W,配置,,
xtAqpUcvazf6QDko,价格,,
qB7YzNKymM4euFwL,动力,,
yFujWkExlsQTwAYL,价格,,
uj09ckHdrbI2gDXw,配置,,
nCeg1Kv7p0wfGz26,动力,,
ezdC0rVQ9ExoZ7OW,价格,,
iQTYVo8k1nDWMUws,内饰,,
Nk2DL9OcyhegrEid,价格,,
0dfh6vX5ZxrRSjqQ,舒适性,,
PYnqkagN7J9lGbX4,配置,,
ESe8uGVpthw2qvAI,动力,,
m1BoNMzhsLte7EPY,油耗,,
HzOjPbDW7snFfC5E,内饰,,
bcSrvXnfwh9G1sCt,油耗,,
EpyZeTaIXzUkuoSO,外观,,
FD2kElsTogNZSdrU,操控,,
Fgmsjr4pDh0l85Wc,动力,,
mKeRHCFLgZSha3c4,舒适性,,
k5yBDivefCIcsEno,舒适性,,
Ys5j6pztVPMN9dyr,动力,,
xORtcHMv5gy4UWJB,动力,,
rhD8GPSuysxOlYAa,舒适性,,
j3ETD8hfvw6pmFot,操控,,
3BKOx5DzMaQsi0RZ,油耗,,
vyUGsFeo1E3nmliL,油耗,,
GFqcbBlxWdEOZ98U,外观,,
DtK5aQgf9OUnbHcd,油耗,,
6YOgDZisAcz4B8Kb,操控,,
zsxQ34YguLhVKqWj,配置,,
LWm1dies9EY6FAIk,空间,,
cgSKMAwYqW4mj9LU,操控,,
WJ3Vb5Cr4TEs6MDh,动力,,
fn6JCwyV52ExNoAB,舒适性,,
vZoQtfNTVcDkr1RY,配置,,
jwxvW0p7E6XL81za,动力,,
7ivMHN4DnQCTzWPa,外观,,
QPw1FAiOeSdZ9RHB,动力,,
CGBhSb7nQLsJqOv8,油耗,,
9F5LEfqRIaBmOok6,操控,,
yKxYB9VuHscOGSAo,内饰,,
RfchnPL26rEYqU9d,价格,,
Np8JIeV0kgx6yHjU,操控,,
lusRDiW3pwaC1g6G,动力,,
o4BK31rvGf6JuDZO,舒适性,,
eEzqhWBtb4ZiPjyv,内饰,,
udoS4CNYz95EI3A2,空间,,
JhjbDXaK5oAVzUwN,价格,,
hQpxuaeL51if34Ss,价格,,
daBn0zAJuh76YxEf,操控,,
9Cc6IPenXxTmLAa1,配置,,
AHW7mhYxMGg20oPK,安全性,,
fCygScVsndP3Zt15,外观,,
cNQ96mvLJTPXU7qw,动力,,
h6bvqfCNMaJ8p0QR,外观,,
8HV3WIDK2JUZSbFC,动力,,
flTo2WjaIkiuDqX8,配置,,
przyuJL82c1GfBAv,价格,,
YsgwXUIHZAQ0upVR,操控,,
gMFNJCpZ5cGwH8Be,动力,,
FS5OiPvMQdKnjEBT,舒适性,,
SKFUxA7dVENw1ot8,价格,,
YUqfX2IuADLJwv5i,安全性,,
Nn7xR5CtmZk3Bfuy,舒适性,,
6uOk5U3st7ezNhbE,价格,,
OnaeE0m3Ho4hPBG9,动力,,
tEwq3kU6yNp4AHMj,价格,,
lgWB1GQPU2LtCbIO,价格,,
k3jfLWGU7ZvHeYgr,价格,,
64RkNdunL9TrUSQy,价格,,
6huJNeXjFqAyTPdQ,价格,,
u6jDlYH20VN5APBv,操控,,
u7B8htHDOLjzZAaQ,操控,,
RQnhPEt8q0BOlS46,配置,,
Xrxp7HuBg2v4qk9O,操控,,
RhfXjuWbNzQPAmTx,操控,,
AlFy7t9IK3diRgbS,操控,,
WMXYuq5lbzLDwjAg,操控,,
LO1jroyDJsquHRZ2,操控,,
7b0pJw65YcICoUzZ,空间,,
RY2xvl4Mi1Tcabj8,油耗,,
fGRenlp71ZDuACEY,油耗,,
G0aXfEIqVdRWvF9b,油耗,,
iL0eoJjRnWKlU4av,油耗,,
fzlgbMthU0dSijaQ,油耗,,
Uasb549NBtoYWOhl,油耗,,
06vJk25tLPqSAOp1,油耗,,
rX2s9SykZHTugQKM,油耗,,
1roZPfezp2xJIDGi,油耗,,
fhVnqx2uEd0iHgG8,操控,,
ZW4GqhOlFucQopNK,舒适性,,
WAoE4nJTKuZglvmG,舒适性,,
k8rL1RFvXEVwINMH,动力,,
bhmRrF9xA5vSXt12,动力,,
jExKsDpTcQUOX1zt,动力,,
9yrUegdiBfSz5LPc,动力,,
uQInq3LADECzT24P,动力,,
JNm6xy8tE0gZivVL,动力,,
BDQtfKrop017dWn9,外观,,
TC8ux1tecBnbEfW4,外观,,
6RsAS4XJv9zxehOm,操控,,
D5bSu7LOnQ4raJwE,空间,,
0avxYXt4Ld2TDHVq,外观,,
fE3mb7KTQvc1wFZC,外观,,
MewSZoag5Q8OxIVn,外观,,
w3smqIt0CP5yJzSQ,舒适性,,
av18RgOi9q3zLJZB,舒适性,,
ZMgQETI7HcXaJPnu,舒适性,,
Rw5786gaXBCzGDNh,外观,,
qcznsyljIK5gW13Z,外观,,
aIKU6pSFbg0jElD4,安全性,,
U6Yb7JkXH4ud0prv,安全性,,
Ae9Bg7IqKYFuxJaR,安全性,,
f8BTX1hPxIEVuAZD,安全性,,
PXrktuZ4oGTNdlyQ,安全性,,
Sn7ZzRoBaTVw1r2G,安全性,,
MzjC01Ov4KgrVnwl,安全性,,
ZzE8HB7INmuFSyl2,安全性,,
2F5v8I3ZRdiSVOlM,外观,,
18cJkHiGPZd5xlvX,安全性,,
wKWzETpquPZSohLj,动力,,
UvXfePtpKwkRO1Jh,动力,,
8EP1GuYimLchgF9X,动力,,
vkDGIoJ8TZNdw1B4,价格,,
6b1yQrFJhdi2aZso,价格,,
Ba2VwQMKHtrxGzpm,动力,,
km9lwKfsUGpFJnI1,配置,,
kZIm8TSGPKgdCviX,配置,,
3waoGs6DLeRjrxOB,配置,,
bJIzTNc7Moiq8wp0,配置,,
vkOJQm36qETLfI9n,安全性,,
riHy5UabPW0fMIAN,舒适性,,
592wQPGZTWVgIei7,动力,,
9d8lKywa3B0PfLM2,动力,,
Pchj7VARe4gtmiOd,动力,,
xRIfryc1MG3nJOqQ,动力,,
RUEu2BIoVeTsdk1N,动力,,
uz5LxtaHWjPh2cEi,动力,,
EDo9aShzQUewruOP,动力,,
epNDnEtSY8FlLdqR,动力,,
yhWKJkC6RxTUtnYB,动力,,
RD2Pd4wIn0gGCZHo,动力,,
ByCalFw7j51e8ZTV,动力,,
gto9WmBOENS3cXKs,动力,,
7MN31h526WYAoHwL,动力,,
el5cAQvjZEYiJ1Vb,内饰,,
LPRsZi3tWXrguSVb,内饰,,
LiayInCbKGNqjezh,内饰,,
Xtwd5mShPOoQClkK,内饰,,
vcnMRyBl89DjtUXo,动力,,
G06n5apCJTUyW7dh,价格,,
xITUtjneCiDaK4r0,价格,,
nGKN8ZPRX7bd9J0t,安全性,,
bkx98mnYLCe3WDzd,油耗,,
zqmsg8DSiG2lQLaR,外观,,
ZLeoOxCIiqjdPQSk,舒适性,,
HNRVAQPSUoX3ybeJ,空间,,
ajkbZcriRmB6otJ9,价格,,
LbDM2NeVnh9GPyUX,外观,,
XEg72TBW9zhC8xAr,配置,,
GS7Fc8PWy3bzr94s,配置,,
k24K1ZcWOSYJ07Em,安全性,,
0AghVaU3zovyfZK6,油耗,,
SnmaPubjOcvA9FBh,空间,,
WNyUMEbpTzxGYm9e,舒适性,,
JQyzMPEWYdbkue8N,动力,,
0zvVXq62e1A9ib4W,操控,,
bknrC4PKsLwvtMVl,价格,,
yt0PCoFNfBsgSQlD,内饰,,
UZt5DT9jcW6pJam4,内饰,,
TH4XmfEMIBsUPGeq,舒适性,,
jNAMbnkW2GQhuedy,油耗,,
9bjkmsRP2ZAeE461,空间,,
7vEhqRNMyJf4bk2S,配置,,
e2maqIsDiCNpbUyX,价格,,
xlCcQsGXBZd3hR91,价格,,
EfgDJMeVjAR2Oani,价格,,
oHCUun6B7GvL8WlI,油耗,,
F1TNm6zR5YXK48fa,动力,,
Zp5XkQmVtjNS2Yfq,油耗,,
pHshzjOT3MQB8ikg,动力,,
lTwuRqjUV0eOyCdc,价格,,
ZaeYwInl23uJVT4K,动力,,
YQi8OESrgCvjPT5J,配置,,
OvEuatQI8nlf5W4b,操控,,
4Nl2xiHZkwfqG5Lh,安全性,,
csV2lerGbWHDM7uC,内饰,,
7ljw0AnmIsEYyx6b,动力,,
lz8CZIvuepMjyT7A,配置,,
mwgUZtAKuYWskdy0,操控,,
ZFDQvjqLe042yWr8,配置,,
QtyfYMKHjFJhT7qb,配置,,
zu7TV3p9yI01fb2i,油耗,,
cqbNCaWf31yOFk2z,操控,,
ZxIysR3VwmEXitzo,配置,,
tPWwM1QZlKn6dSjR,油耗,,
zGj9cIeZwxhBQR48,动力,,
xyVZbhWBMis964AY,动力,,
LzbmvwkG9uSTDH0j,动力,,
pH9qK1Mxse4GTkQR,外观,,
L1esR8dohQwbTaWD,动力,,
qxB0rLI4NpR6UQO2,动力,,
ntf9greFQdToRAvj,动力,,
KFpnvjzWT02gcIbw,配置,,
O8u9KG1J6jVqRlS0,安全性,,
yhwXVqQiSFe0KTGu,安全性,,
7W4hb5ep8twNRC2G,操控,,
DvYtjcm4UkObHZRJ,操控,,
5nximF6XTzfJZa4A,价格,,
Wr5lt8Xi0dVavhSe,动力,,
iEXebDTcawoA0BQM,舒适性,,
KF3paJVsftS0kL9z,操控,,
0Yj4uHZJSBzlD7ix,动力,,
b4AXUmFtI69dREae,价格,,
lSQtCEDvrhdxG5LU,油耗,,
kGE5UO3MHwJFQ9Yf,价格,,
fApirRuzwkNdanVH,内饰,,
ytglEGzINRCJ0rvL,舒适性,,
n0zyhMV2qCcRT7sL,操控,,
bM9TrsOKgASWcePR,动力,,
slUkXtKjbT2gqyZ0,空间,,
f0y2eka46dZWtm7n,油耗,,
JoXVZCrfDIj2YEHn,油耗,,
WDOtTbYw01FIpM3G,空间,,
OsYUJZTx4c8SCW3I,动力,,
wFn3N9MApUeOdjHX,油耗,,
hbjHsBtwcPqa0CJ3,价格,,
kewO9xHJuqIoA4jF,内饰,,
zCIjAPpcefManuRw,舒适性,,
sm0WEtJfjKlT3Oeo,动力,,
RCTHDFv6aKXA2WjI,油耗,,
qju7rk4scUKJ1gzY,操控,,
HB1syAbrheKnUwtC,外观,,
9mNiTQ81e5Yu3k24,操控,,
x82sm1ahFYI6jpqc,安全性,,
knmwaYgs7Er53DfI,安全性,,
aMFJAWuCiP3dQTOe,油耗,,
LofFZtYiRkwd6bpy,配置,,
uohVA2LclBpk3nxi,操控,,
A9KZib8pXfkQVgGW,油耗,,
VLHijeQoT7GZF6Yh,动力,,
sI6Bwh7P3OuHftLr,动力,,
iCSrZBo2maTWVYqA,动力,,
esqiA6b9u0cJEjS3,油耗,,
DWyohezJr0CQONqt,动力,,
YFsPnXeEVmh3LJRf,外观,,
rytcHs5GMUWREKfj,动力,,
Fq1kRMwxEa0rnJyh,外观,,
gHiD3zTUrPCd5FWs,价格,,
tusndCeJTcZWXl1M,操控,,
IBwacFpzU3vL15EJ,空间,,
Y2C4dxzm9JLKywXu,舒适性,,
P4vcBzdLeQJ356nR,配置,,
jHrbay0T5MYIFcfC,操控,,
XJ3komsO4CZ0KFYr,舒适性,,
1wqRWndTe3Vh28gZ,动力,,
atvMkpfeVu4Tlgrs,动力,,
q0OhwytNBT3Pe4Rk,操控,,
VoijeQ4huWkB0ZlL,价格,,
WUQ0Mhu19dvPcsnG,操控,,
yn5Yup943KleQIDg,安全性,,
tqJge3EvVFUkxd05,内饰,,
wcopTmyzvU53ftqe,动力,,
EVMhc9sRnktBZ2I3,动力,,
QWD8lycXxm3SKe4z,价格,,
C3eBiPdDrc7jagOt,配置,,
V35fhcb8qOw4uZBF,内饰,,
QhrgY6ZaNL4zjfJB,空间,,
0pJnq2mEzhHZ3Arv,油耗,,
BbjC5XQH4gaSZiYe,动力,,
oGzVQxeU1yStugZM,内饰,,
jtbe8gZDGCEf9UOW,内饰,,
cDQiy0dnrVfx3MWl,价格,,
H0ibSq4ndAzyE1hI,动力,,
scYqrhITWwSnje5t,操控,,
U0yhjQEPS9Im2tBD,动力,,
NlxgP3eYt0nzKB5j,动力,,
zO3ND7P0C16gotiw,安全性,,
PTDA2eULVg8NcMZ3,空间,,
UdtE90wj71gQIBuD,动力,,
Ur5LIl1YoBjWQEJg,动力,,
gdibkoSsHMfZcaIm,内饰,,
18sbwglESLoPCJ9I,操控,,
npsTlXveJmibUHdj,动力,,
073DfApbZlcJ1tWE,价格,,
7vlHt6GnPFKQCUVI,动力,,
XEvGcYdbnIVTSL2R,配置,,
zuERVI2Cc9FjrKq8,配置,,
Be8g1L57jXQ0PRcn,空间,,
93sWiKgY4UC8jDSk,动力,,
az2weAL6kCjmvVru,舒适性,,
yPUh5KZ9vV3lpsGB,舒适性,,
MGfTopKhv3tr67Ik,配置,,
RuGhicS6dUIXva2E,舒适性,,
20o1aeNxbApYK5SO,内饰,,
g2vFMCd1N4i97KUQ,价格,,
fYnArPDqmTlIyagt,动力,,
cXWsxD0MTKQwEVpe,操控,,
1KiNolhdjJ9z37AB,操控,,
TcdzWbYEAqNIiPyp,价格,,
qx2nhsRFDvKHW68z,动力,,
zlEgoQBSR0eHYWjw,内饰,,
ltj3xs5h7oEP2z4A,内饰,,
yeBbRYX73hd94WZI,油耗,,
nlf4epZz7URcOWjT,价格,,
DnmNzoYrLgcAaS6I,操控,,
qIn7kULExg92VMcK,油耗,,
Hif4ZJjkoRw5b9tE,舒适性,,
q6E5DiKcn0GBZxoT,油耗,,
gzuM7rRSdkc3yoVH,舒适性,,
Q02UuKePZtja9Rdx,安全性,,
3OFdtEnJhzgjDvwG,油耗,,
9FVrmxcqvdC4pnzf,价格,,
kXnywtp49dbE2aYM,动力,,
snIOM3ePFcyix9BS,动力,,
JU7rLiNatO89MEwQ,配置,,
ksYlK4CfjXucNvGZ,外观,,
mhdw9QJF0Kfp175H,油耗,,
KztJLy2av0RTEioZ,动力,,
uTUzYxd82EJw5bKO,动力,,
1M3ASJzo8XjtKBqE,动力,,
OvSEW15GR9L2TYpC,价格,,
x0pVSuD3Brs4QCkt,配置,,
ieuKRNqP0vEIycaB,安全性,,
zF9Mueid3pXalrP7,操控,,
WJFMnwQPUj8iLdSN,动力,,
6Tl3EBqAXL0o7sSM,配置,,
8GadRbIzViTqyx4F,内饰,,
VpLeaYSlRTqyMFgK,操控,,
M4GuJmcIwU1THDed,油耗,,
m7FbotzxgiPfsJLS,油耗,,
m4idJxSGcC0lhnvR,操控,,
kgEYWcjOxbNoz4S1,操控,,
5bldocje2YZPXLQI,舒适性,,
8gpBxQOPj2YEW7CH,内饰,,
n5aKxi3ZbAlHyNF4,动力,,
LbDhIE2q3Fa4efJX,安全性,,
LU9S1nwJeQicBPFH,价格,,
Lg4DuFNV0jPnextY,配置,,
iKM0y9SRhw1raBps,操控,,
ugF1Y9NsOJaBbtS7,动力,,
vxohAazq27Uj5Dt8,内饰,,
GyS9fbm6AiWaTsXC,操控,,
G2hHFZ50pPMQksXo,动力,,
gOHKCLapJowzu8AR,动力,,
DLJlzgK14pc7GkNq,舒适性,,
ZeAFK5tdv6V9ORYJ,配置,,
RVGhbxrfQcIwlFdL,安全性,,
U79aDc0xoKFMbyhT,操控,,
72XjGlFSt8QbsKHp,操控,,
nWp4U7IiXA6PrQmC,价格,,
OT4cMNr6vXoZKSCn,价格,,
WQ8e0VLzm1Nck3jt,价格,,
5jCfSe8z9wo1sU6i,价格,,
Q8yxEWpPwmJtscbn,价格,,
Q9lsB8x6FvkDroPV,配置,,
YPyQjeoxu0N5AaqV,配置,,
ILV2xjt0r9Ty1f76,配置,,
kZxn5LJOHMV3yGet,配置,,
RwfKrGUZibBAMIgq,动力,,
y3WuIhpVe5qKMsa6,操控,,
Bq8AxjuoinbzI95L,舒适性,,
PBzSy05iMmJe9LWj,舒适性,,
m8MyxACkfqj2lQNF,油耗,,
Kx9qJV7Bwcn8DUhp,油耗,,
3xW28YUPNywkseaM,油耗,,
i5MfVSO48chl0u7N,油耗,,
mhJoGpyU2zefLv4x,油耗,,
lctobe5GjuBCxy4p,油耗,,
ehkY7aj6X89xMyr5,油耗,,
BylRVaPbFuH60W8M,舒适性,,
aDVYRH7ef086mjsA,舒适性,,
8OQC6rfwd4vFhgic,内饰,,
7MtT8ZihRLFqO1bw,内饰,,
0PLuvKeUR7rkHsot,内饰,,
3m21lZW0VHhj8ubL,舒适性,,
TymcspvV9EQjfSRw,舒适性,,
oHyUi0BYVrSJ6ILs,安全性,,
iQBEyOb6tc38jhvC,动力,,
yNW7hAIvr2E43fL0,安全性,,
1UZSqnC93b8B2gmt,操控,,
g0PoIQprMBdbhHmv,舒适性,,
VyN6x2SP9EDpfJCz,动力,,
LTxHPB31aI62JOMX,动力,,
UfiAyxpkvQdguWY6,动力,,
CLo6f4RbAyFB3I05,动力,,
Px5CuDqJOfvEswra,动力,,
n7dWQKx5ZtS2NLvu,动力,,
0suojbqVSYImN6d8,动力,,
RY9SQqt2147cxZsz,动力,,
gAap9wMyXxSuQc57,动力,,
qNZsXBg68bamyHQ0,空间,,
ngzcR7CiS4Db1axN,动力,,
oGI7QnWD0zJZcBtx,外观,,
8mYAsyPTbdnLtoEG,舒适性,,
Elt20YcRZz5FhuWo,舒适性,,
w9d56j8OgnCKvPcL,价格,,
G8hZaqu15NQ2zsJn,价格,,
CY8f92BOTH3t5lW6,操控,,
CXLI764WJbzQhcSZ,动力,,
enEtRf5B8Ij92uz4,油耗,,
fAhkYX2HCdLWejRb,油耗,,
zGhESjKu9sRvXqo3,动力,,
4oFy08L1DuhbO2dp,油耗,,
sACTVgxNDPSJwRtj,油耗,,
KMZARaNglYCsJ0jo,价格,,
DBYMylWrtnzuojCP,油耗,,
O80sCRxGwAri2uNI,油耗,,
rQyPXo39gUnVRIvL,动力,,
mkCj5cg1rTxzE7Kv,油耗,,
yvrIFQCnOUq03lD4,动力,,
pL21kTtr8gRxhfWy,操控,,
mJjQ4GHoElIXfqAU,舒适性,,
gS8mMHCB5P1LkEKu,安全性,,
h8Lau6KWxfmIOPj7,价格,,
6V5S9TmChcoGRbYg,舒适性,,
CWdGUzmhA9Y35wPj,配置,,
YtMgvoicjZsrW1Qh,动力,,
l6kZj5wsr8R4AKUv,舒适性,,
4grifhEPpnxc0WS3,操控,,
TmBDYCLkqhX68ysv,价格,,
lQEBMIFYh3W2ZRda,价格,,
u32zFWTmvhSBALfV,空间,,
eBAOK0iL9kRTu3X7,价格,,
wEgZ92N4b6AMOkxS,价格,,
0Flnd8hRq7C9kLGP,动力,,
Pm5tHqoJKC2zvsD1,配置,,
BnVNYmgcslkfGDSe,价格,,
eaUX9AmLpQBGMIdT,动力,,
HoA7taEmxsXCILlB,安全性,,
iKvqEVW2zx6cfMPA,舒适性,,
Njqb59iEroQOJ0CX,舒适性,,
aGZolLsBfVYvHJq6,操控,,
dbX9HnOZxTk8acjN,舒适性,,
Smr5TJxypWblH4Uo,油耗,,
AxXtv6CNauVQ2EYS,操控,,
saFThguOB6fZHbAw,动力,,
puBeAcLKxDWRJgCH,舒适性,,
ZWw8NQeKMT3fXbJR,动力,,
0lIuJGehVMFN3YQR,操控,,
Y5Piob0TJNsqxyIO,舒适性,,
HMb4EDrQAZgJy5RW,油耗,,
JYBR31ezsQObFVa0,价格,,
2HM9K0C3dWPmAXjk,动力,,
4mupsO9QdHIjAZCx,价格,,
9SHwLQYjuI5dRtvN,油耗,,
kRxYP9qzbWef47mc,安全性,,
DkSA0nRvwyxrmJzo,油耗,,
K7iEzF8jtpLvc5qH,动力,,
DYxPBjZendkSpM3b,舒适性,,
PZaUybTwCt4jqsnv,动力,,
BPnjDGbgATUfy6H3,舒适性,,
PSY0qdpjryGK9FNm,舒适性,,
DFpjJkdehuvLStTE,动力,,
kz6lDqx7PQcRBoVv,价格,,
vgAGd6BS4pHa29Rt,动力,,
nMXptb4eFWO0HJGg,舒适性,,
EctJhFjIHKv871dr,动力,,
KzOcf2gUuVm4oIyh,动力,,
6pu0SFqDrhfeTEUY,油耗,,
oak4npPgcZBGdeE1,动力,,
UhAyZtKqOQDXFip9,舒适性,,
U8VCky2zHw9neYr3,动力,,
6yGYa4nW5zcSeARP,油耗,,
n0iGFeumh7wbZfc5,舒适性,,
gcvFNLBunQA1rDq6,动力,,
CS8uaGHjZex7nqLv,价格,,
s724WXNFcAuDngeJ,动力,,
h3NL9F6Y8Je1PCE4,动力,,
ogGOmYu1jtDZQ9aE,动力,,
JO8tRVkUlmq7MnP0,舒适性,,
3AJkt7mQYBeqS8nf,动力,,
xF860eoBE9tMkgcD,价格,,
d12qenNXRh4oEWkM,动力,,
TU8qXLNScFeEGJop,价格,,
MLdqs6WeHn2BQNS1,油耗,,
Lp10l8mH6BTKExyP,安全性,,
EhvqxVprbJ0KWk3U,配置,,
91Jqs0gUj6cG5h3V,油耗,,
Q0Eh6Pc19WxsfYIz,安全性,,
AsB7ojNxuFhLXyW9,舒适性,,
pT16YmJPVbAU4kQM,动力,,
o81JW3GwXYbiFfqy,安全性,,
0BvCpAUIK2TVrbl8,动力,,
1LDt9yAJwhUZK405,动力,,
W3p7COTRkSzjK56I,油耗,,
9vnib5NlZmXjGRsw,价格,,
3k8eQMZPvtwiIFHx,配置,,
bSJW1EvDTLnhU0qO,油耗,,
Cj8LbX4Gs1icVz9P,配置,,
xpwuMGFyiq06ldaO,油耗,,
WOKSEYap1DMc5iPt,油耗,,
sR5IdcrS47ACxgkf,价格,,
GO8AHDxYM6FyC2KR,操控,,
fvme2FaMH4K1AIWG,配置,,
cC7ZJ9QgyFRduO4w,舒适性,,
PfT21Y8IqGeOik6M,价格,,
qYK5ZvFwyMj9HbxQ,价格,,
i60D1tkneHlwOWK4,动力,,
uRJFKHw50MWCgQEj,价格,,
8RjxP2OmA6FzaNfv,价格,,
4T3COzh0KP98wnWv,油耗,,
BS6GJonqAjs3i5dD,价格,,
3ufdvW9n6LpxtUmo,外观,,
WzG1hoF0sn4YmMNd,价格,,
Syba49BXGKAj5E2J,动力,,
XQLp1W6PUGiSueDC,空间,,
4fi6wDdFSEjBIWQ8,空间,,
w2djv1uBiVHhNIAQ,配置,,
pz8P7vGWgAeoUbrc,价格,,
n9dFxNf8SVY6wIb7,配置,,
TEJua7ojl5kVQ4px,配置,,
cxdNAbiwF7ar901z,内饰,,
t7mqEcPgjBi3yMXG,内饰,,
opQNKOJUsPm8fhqF,外观,,
PqnhGulHWtDrbRFU,内饰,,
QXv8qNuizGcjtOae,内饰,,
AEJ4Rzqk8PL5bFfg,价格,,
v2oQzqurO6aEdAsh,价格,,
ibSO4ogXnq0d7Tfw,价格,,
pDnAP3eMVs1j47Cb,价格,,
5hlv1GcgFWRDLi8u,价格,,
Z7ovg4rQWNT5czpl,价格,,
btQj9E65G4gSrx3m,动力,,
jaFxOp42fse6RdLK,动力,,
KgNLqSsR5rW4az0P,动力,,
H9Eqg04t2xn6CkJT,动力,,
H8eBXno1LjfbMyPW,动力,,
FsEWPD6SoKM3rN48,操控,,
AlF5rQZI2mgRdhGi,外观,,
H5oIvqrNuGT6gbR9,外观,,
p2zCmiu4jIScUXew,外观,,
onsZ8B5X4uVcaU0I,油耗,,
93pxjCQnsPHiXTml,动力,,
NM3TLgmaheIbqz4W,动力,,
eRQXz59hG70FxqEJ,动力,,
cwGbU5WZlaE4mFzC,动力,,
jSERDcwzuegam0Gi,舒适性,,
RL8iomre3TPFyBqa,动力,,
khWTLVBRobvUn3Ga,动力,,
S0D8e9tuBdQpaWFM,油耗,,
70s9f5wBXxQyvIeJ,动力,,
nhK3bVtY2XqfoFvu,油耗,,
N6SOwHa5DWnUL4YV,动力,,
iSkQ6VBe41l9s3HJ,配置,,
vEjHlxB509aiUh1L,动力,,
JzQNiRH9sdM70n6F,舒适性,,
p5diMJHQ2AchUxVF,动力,,
Gczub7DEkxp4VRhN,动力,,
Ziu2rQTNe3YUJD6v,舒适性,,
LN1rgVTHliQMzw4S,动力,,
jZTniaUmkgNuroEL,油耗,,
WlpdjUxNifwH39Qv,动力,,
UMN9f4gjq5VCme6B,油耗,,
M9maZYhelO08UcP7,动力,,
mv45lRIHiagoZPuz,舒适性,,
50URtN4rqHjKGT7p,舒适性,,
td0peuT5361WJCy7,操控,,
ifU6TJRIqQ83MBm1,操控,,
1hTnwObE6Pv4ilI2,舒适性,,
sWdoqgak2prV5Xfj,舒适性,,
sTEj9duGX2zAqIr8,操控,,
k3dnRXbhuqiMje8D,操控,,
OiM0P8nZ6Hk7ECLR,操控,,
5r40CE1jGfLliA7k,动力,,
nbtiQjg5371Df8Fe,动力,,
RAhPKc3w7zYvTkoD,动力,,
zxho9ZN1fG736tIX,动力,,
sY8baihTfECGcK4q,动力,,
puszkRaoPD9hf7g2,动力,,
PQRy47eBIkvXzLmH,动力,,
KPlyLQFwz5RshMjf,动力,,
lDMaYEJdVBKTu2zy,舒适性,,
TSU6zwZnRQ4cuqLB,舒适性,,
9TWx532X4h7wjiDy,安全性,,
6jm8uWBCpZwo5RFI,动力,,
4tWrTOAjecVDyFYl,油耗,,
XK9dD5vynI4oGskJ,舒适性,,
qscgnZPK4FGwLV38,舒适性,,
tgmdp7VPTv2qicoK,舒适性,,
DoV8dMqFstKXEUwh,安全性,,
GTx9wel45ru2LZoS,内饰,,
uAzN7fjJWyQq6KXD,操控,,
2ZCfsbon6041kpPF,舒适性,,
HgApRX8nqjJlEO0K,外观,,
H83bKrlde7D2pNLF,配置,,
k5A2oECXbvlxpWF1,安全性,,
EsFeCWZ4pAYLjkOD,动力,,
mUHbaghwpnzBtME9,配置,,
8SjFg2purME4Jx0A,价格,,
e0kYOc5iPx9mR3jv,油耗,,
HALEWZPmhvTzKjr8,价格,,
2Hp9McN70xnzy8qJ,操控,,
mWbG5Zc1zwy6KtjV,动力,,
AEYbGMtnhrJ76sUd,舒适性,,
T4Y9Apfq2BesIGlc,内饰,,
1hM4eqwczXF6buG2,动力,,
wtoBu6QpKzlO8maL,价格,,
GRXzZQMwAeJu7COd,动力,,
bKsdJG5Bu4QFfAEL,内饰,,
TIMa6yKYE8fePg17,动力,,
UIC3PqTcutWdFNVQ,配置,,
39GHL0vs8hg2bpl1,动力,,
Jmb32XBrZgTNhi60,动力,,
es0ZgKMEINc3vajU,动力,,
wrLa3dy1MTJAUbIj,油耗,,
jGglFPieTJX97Uxb,动力,,
k8G4vxE5maWVOiMB,舒适性,,
XdMQbHDq7Vs3n0IG,操控,,
QZHrOlg7P4Xdy2Y3,舒适性,,
u0K4toPXbnlJTcmL,动力,,
uzfj7oHsXO2nmUxC,动力,,
JOBqrRszQ5LFT72X,油耗,,
pURWwJXEY9boHvLq,动力,,
jyTlYHMnAKc4EROF,价格,,
HRLxcVG8YaWArDqd,舒适性,,
rCUqz3A0k5PK8bEV,动力,,
beH79mYF60rqQwKW,价格,,
ay6bwYNud4KBVJXg,动力,,
amIEoWFrYfbsRyOq,动力,,
CKWDlRyrYdQq2iBH,动力,,
YxvTf4hr1odFwyM7,价格,,
VYRCeOz63ky4UhFP,价格,,
5gRpXMthv6sO9lme,舒适性,,
mCcU9XgIHYWsL4qJ,油耗,,
xZvGCk0LXS2ITgHe,油耗,,
G3gFzhjsWm8xqHTV,内饰,,
SoiD43pfynQPmJ7V,安全性,,
2b6R1V7kQS8UMxY3,动力,,
EnKrOoixv9Bq0b5Y,价格,,
V52Ubc3yioDXqkQ9,操控,,
DhQW8jsTpyqw06o5,油耗,,
krc0zWjpYaKuOIUT,动力,,
WMfT8mP6bRpHnhqr,空间,,
TlQ3NGwt1ZzSO9B7,动力,,
CFpJR65ev0MizD8X,动力,,
EVG6bXaQxSCN1Ake,配置,,
ZYL14a2ypDcoB8T5,操控,,
NO8VzjCTMpQ3Hcul,动力,,
VL6jHoQ8ZpyIP0tn,价格,,
cCgJT7PV3mbx21h9,舒适性,,
V9JNZ0vxUCWDsfrY,动力,,
sNtAReLBfbXuTcyH,外观,,
FRkSi7Mad9B4He35,舒适性,,
SuaPyk6KrBWiLl8I,配置,,
3IULXkViPBDKYjvw,操控,,
MDFGsd5R09vbPLht,动力,,
bMUeh2VjrukxmNAD,动力,,
24imyrkH9Bcu067W,配置,,
QeLJ6w9EB78bulcj,动力,,
8g9n4vVqZQ6JSP5x,价格,,
jF2o1uBciOaKARx6,油耗,,
dL1EZgfl4RjkeKUh,价格,,
2VWOd6lnSviTrQY0,动力,,
l78SQPcmBT9DtqNj,动力,,
YGIRkO0Zh4NtVnmF,油耗,,
V1NSF709AmjTRPhe,价格,,
yBOG7JzfwRZxHVUo,动力,,
1VkicdAOjC6rPqXW,油耗,,
zJjMAVQLrfeUms3Y,配置,,
3hctzfuMi9F0r17m,价格,,
A34yvHZGOCmtczpf,价格,,
CkjQS5YZNHvFAXzt,价格,,
5hscw7oaqFm3iCBx,操控,,
SUV7QinvDBPmL5OC,价格,,
pGEBk04J1dcLUThW,价格,,
NvOgzwa9XLkhEZfj,外观,,
v01eRdCPMnOKw8ty,操控,,
kO0yL4m76xbZ8IUE,油耗,,
VjDzCfoU89EvMbdR,油耗,,
tyDsn2CHM0WJzwpX,动力,,
64eN5ZExUkXqpPa3,内饰,,
6e2J5pdRaqDWvSgE,动力,,
wHYay9uoQIO25Rht,价格,,
uGTir0Q8SBej1wAN,配置,,
xGaLW1hdRjQFKXcN,空间,,
JEpFPS0tBo5O8hxu,配置,,
AGjnT4Dd8bOokZz2,空间,,
dXbirf1CuyFszlKO,油耗,,
nBZzr916y0SKtCPe,动力,,
SnXce3GqCQd6tfFb,动力,,
wWxseS1cGTg2DhHK,配置,,
reyUlXwx6YZHf2Nc,价格,,
um2A5EVOerPf1ZKS,油耗,,
Aa73jxLqprzgl5VT,操控,,
7KRGZL60qn39dMXN,价格,,
Jy2MjFViEeBdm4St,油耗,,
QY9l3vw28UtiBCs1,动力,,
ho6QNZl0uXev3C9q,油耗,,
0ZcJSahWkL3TmIzN,动力,,
CM0TrDvozKejJ19X,外观,,
hTSecn4GNgLbAKHM,油耗,,
3IxjdMX1y4NOf6Dn,动力,,
L4xNKFochkw71QBZ,配置,,
fkqNdWp61ien39JX,动力,,
7Gb4jFNMRYgvLlDu,动力,,
0HR9mNhn3dzgXr1F,价格,,
3oqNdjLtr6HBxkKD,价格,,
uUpHiy5kTCXr76fq,油耗,,
sDLvXxwqMJf5jgTc,价格,,
lhu7cmGoMekHqBaz,空间,,
uWgbGATV0jOoarDw,价格,,
rf7MZgcWesEv6SuX,油耗,,
jEpFZwbyDHo9tXkn,安全性,,
Y4E9pN1kznPewcUO,外观,,
H7l3YEvyKQaIh6r8,舒适性,,
389Drm5jzBFvIZ2i,操控,,
JOnA6lRuWev9gcUC,动力,,
JK1uU6QgvX7FPmeC,舒适性,,
bagL1329tZij0Pme,舒适性,,
bXUKus15n8SeEHRt,内饰,,
EFY6DBolxfH7Cj2b,舒适性,,
FGRbjwZTUlkg86pQ,内饰,,
jlxnYgNMRSEbQ47I,舒适性,,
Pzcjy48JxafdKIAV,舒适性,,
hxR9gUEeVuBHcPTk,动力,,
rN1gsRZq98mTL2ow,价格,,
6vnwrqt9EU048AJD,操控,,
YiOzfUcV1sy6KxIE,舒适性,,
bkn08zQsyqtxGpL4,油耗,,
Qw3Icen09U2i4ahS,油耗,,
X6sGr4hBNU8awZ0H,油耗,,
ZUCOEHAd1ga7LFxk,价格,,
ywJhqCI501xpn8Tu,操控,,
yoH41Gi9Y7RXmJwK,油耗,,
QptxJrH7qsfiEodS,动力,,
rGgeAiF6dkhOynmp,配置,,
USo8k1D2Zwh56vVB,舒适性,,
Ec0zbuRis9NHpyIQ,动力,,
ICnk96qfHQtTULAc,价格,,
Ps6hZcIAX1fFYlCv,配置,,
zyCSDkJLrhWE8KXR,动力,,
UyhqNBf53jE89orR,动力,,
tvTr6MNcyhmkuRAX,舒适性,,
mCtk2EcWaBZRTzG4,操控,,
oQ49SFW7I0LybuqU,价格,,
O732ncCsp8Rr69oF,空间,,
fxyncAKhsDum2Oob,油耗,,
gWMql7QIZcVFX6y0,油耗,,
jWgdAn4QIHRk2uUs,动力,,
AB4sGnS3vVEq8Dxb,动力,,
6wxXOpZHJ9CNtdeT,动力,,
fMt9sXq4pGHT81CS,油耗,,
cdqKw9jfWgvQ8NEm,油耗,,
Pm0r2h5HI76nXvos,动力,,
YLIEz3wdkUNMa0HJ,动力,,
3bhVfsTD75wFKXCn,动力,,
raYDzok54yMZCOSW,动力,,
cL9T6irqHNDsZfPe,空间,,
qfdGDCZ3PeKxNwpn,油耗,,
p4kMIBeaTxqrHFCS,舒适性,,
X8wU7Mr5kBcSDxJh,动力,,
AohYceIpjN7wJ2zg,动力,,
78vjfAny6s9aIKmO,操控,,
O6ECF9ct4iuMlDJ2,价格,,
1HKS4tw3Z7r5Mjbd,舒适性,,
bqlw4Hz1UL05MRC7,安全性,,
lu5Ji2sjwNgHOBcV,油耗,,
5kwbXrfVS62FnKDh,舒适性,,
EtMWgPap8VOK0ydJ,内饰,,
sghfQnLUcSOu4DFJ,外观,,
yLlrQXn5hta4bG76,动力,,
LFeDWjKa7HBM4sS2,舒适性,,
atzMAVxk9SmRh1N0,空间,,
dRpfDLrSM0sYWvIB,舒适性,,
NbFEO2GfgL1dJcQM,动力,,
e0v8JDt3jqNnIVUK,外观,,
ioUIrmX7F4V9bClB,价格,,
jaOzYwbXlD4sMEfe,操控,,
WPIkOoDsAQl7hiTN,价格,,
VhlJyLza5ERfxDnZ,空间,,
52jEpMRoDNvPHwSb,舒适性,,
goW6bEX5lPTeBjRt,配置,,
dBKTF3eiMoyUELhb,配置,,
dMtgGohl5s3VZHqC,配置,,
pL13OljJzXMRiGmZ,操控,,
1KRVcuea2SYEsynd,价格,,
AcT47a1YvjXbyodn,舒适性,,
01kgxZUTtfODp2hr,操控,,
PxLWHR4po8D1T6A3,动力,,
237pFikwragGBfnt,动力,,
Gjc1XHOVlKFe6ItU,油耗,,
atLdKR0lSyEH9sMg,舒适性,,
Lw9O210Qyh5Uut73,油耗,,
8NnaMkJhHyALDcPZ,价格,,
ODvT15rVzUQGtxWS,舒适性,,
szJOWrFC4H97uDUo,操控,,
gzGyHmUJQuaEfNhM,操控,,
SVaOfb1hoyPzv7Lq,空间,,
8Y35jtbpHAeThg70,价格,,
KfFAPD6TohrVGUSs,价格,,
rQWPNRL1mwxsF7li,动力,,
wnyujq8gV62lDU5Z,动力,,
AHrjUh6xkJ7dRcLW,配置,,
Oa4sklUTNDmcpbQw,动力,,
uPwVh0CZYoTeGnbD,动力,,
sP2Ax8OS9bgIafqE,动力,,
Oey5EIJUc4PQa36m,配置,,
eTKhpqbosaRn5jLZ,配置,,
R52zpKF3CkvcYhL8,舒适性,,
eNou2KY4lv1CBD8n,舒适性,,
4Nx9kchmQwlHE3YI,价格,,
K3Aby8kS6urpQRYa,价格,,
jRIDftoT6FSWVA4Z,油耗,,
TFtAxJUkB9RpYbaZ,操控,,
QKtFkz9vn68ErxUm,价格,,
Gbc8jJ3iENw7kISz,动力,,
UXA1P7V5bJhiG9tx,舒适性,,
LoZ6kfgdemxuANYI,舒适性,,
ODQsAT5ieyg9JNSG,动力,,
UJ0uFwKlp9qf8zW6,油耗,,
cydDMeo04TnBG92s,油耗,,
BaEdk14fSL96ZTtN,舒适性,,
FfcOkjr9XwMlZvIW,价格,,
6Zw3Q5dDmTPYzrp0,动力,,
VZsxWz1fbk6DLFXO,价格,,
xwpBL2Rf89F6qO0u,价格,,
bMpL97f6tirSwcxO,配置,,
r0XIUAqlz9aQcvYB,舒适性,,
Cy0ZOxkKhMoETNqS,油耗,,
TROFwzH24CuexUZd,配置,,
Pm7De1R2OuIa0AGB,动力,,
6p1Gd4CbI5MALmxq,舒适性,,
xr9naXZ6QuegToj1,配置,,
1SK5FhgGrNiCPsYV,配置,,
voGhsAS2uf8jCpWw,安全性,,
OeLFcmtvT4GaQYZV,舒适性,,
LaYhq2ci6EbpOzXd,动力,,
q0bRKPpSCtEGhmga,配置,,
3HdWEaZ04DPAhLfk,舒适性,,
zf81NdHe4J0GWY95,动力,,
6TLua3NxbHo5Rsj7,油耗,,
pjynGY1xS8M6JhdQ,动力,,
f7uH1xAdhCX93L62,安全性,,
wU1ipRTWtdl8bhYn,动力,,
9KQ7RiT8vdOeroHb,价格,,
KBDSkAULJQ6v4WVT,价格,,
8E6B9V4pZ5jtXInA,安全性,,
2Mg3CxG1vhfWHAVk,动力,,
Xt6faCsrjGKRExku,动力,,
Ff5Bh7nHMvISAoqg,配置,,
hFuqAespIJt0MKfP,舒适性,,
shaB5qOUiVct1Jxf,动力,,
cduP0IO6QzeqXbg7,操控,,
TNP8GkgvxcYJ51dS,内饰,,
s1bqrGugAkB06xZj,操控,,
WUMfjXzKCtP4F3qg,价格,,
9trKxFco3S5iBeka,动力,,
IPMSkDGKeciJZmTf,舒适性,,
dHTaEWKxyYoBc5sU,内饰,,
AMlzYOEDGNWr4tUI,价格,,
pQLoOrdDjFENC5IP,安全性,,
1rnyWNaQlKjGgpHs,动力,,
Jy1LwbjqZgxI7AvY,舒适性,,
lcHAXhtYT96diyCg,操控,,
3Td6ia7n5BNLqjxh,配置,,
8T4wfUGLgxm20WZp,油耗,,
6Zf9kPLzJDMnxaA1,动力,,
3NQxUShkd8iuRemf,油耗,,
amI52NUMlDGfjZse,安全性,,
5lWHK0DEnU7g8S1C,动力,,
3ePOA5JHayrbDik8,动力,,
1UFKiJnMPgWyGpHc,安全性,,
fV6y2A1na5iSImbp,动力,,
cjeL2RdTgBrzXisv,价格,,
4C1iftvQzxIA29g6,价格,,
D8PrMauq3jmVIpO0,操控,,
yv10mXsOb8okPVHz,配置,,
4ft3dcD51ujCWYrR,动力,,
u0PmnoGdzNIRy4Q7,安全性,,
GRlhBtC0dvqozcDr,外观,,
1IS5ErKoGiW4Jjls,价格,,
2xquOsEThjWnBbNR,动力,,
yT5KQ81OwgWksu9o,动力,,
GjcNvgzmyAlk0CtU,舒适性,,
enGqUjh94tM7gNRY,油耗,,
l70jQ4sAmbVhSCE6,动力,,
nrV4zqh6A83S7IaL,外观,,
S5LM9Xt78HWUwjvz,安全性,,
qE5DawnupNgsJvHh,安全性,,
Qe4htWX3MpbTo59f,操控,,
J5DLaj2MlofUKtkT,油耗,,
Gx5zIE8tOnUfiCYy,操控,,
THFr9R5wPhEgeLus,安全性,,
7PYVKRsj3Ftm0Wop,价格,,
ZwWhIekUOgL2TaVf,价格,,
lwz4A0aUcGDJVOxX,舒适性,,
B7zneJI3pla8kQGD,动力,,
Vhk03O6jgnm4v78M,动力,,
fjNK5psFJVzrPbgE,外观,,
ZGnLHOQMUmTYfusI,配置,,
2hqQiRpTBVmNdtEo,动力,,
j7v1Qtbl8G32gNZn,安全性,,
OUIc9F38ut6MoGex,配置,,
SZDd2UfnJ8lOxLTF,内饰,,
eC5MH8XYjSpUITo9,内饰,,
1NxrRQWBTJFw7A2d,内饰,,
h1rBlfXKxHVO0Nzu,操控,,
LI0lSFPZDOzrqnyj,动力,,
XGRehAmp9QSzZCNL,价格,,
54BO8AXVfUluaEn6,舒适性,,
HZ1BLnSGKDtxcRP9,动力,,
LdQKwOs6hTbY9gfM,内饰,,
MxZWDrcfogmARhjL,油耗,,
YNVm4FeIfWKG3rds,舒适性,,
vcEKDR05dHhqlFBI,操控,,
oi3egvK85kdCLym4,空间,,
n8gkp6OeAKf4zrwR,安全性,,
bx87EnuPHgq0Vy6e,价格,,
3WVqgl5iaRbOdHe2,操控,,
Yg1qG7649sKiVh0T,安全性,,
OMS3NeFwL8JB6onb,油耗,,
Q0fVx2qNWLe916Pz,价格,,
sqNWBIYSTVR0zob9,内饰,,
dHbmaZcxAgpnwETN,价格,,
WanjgfvIscPoUqGY,操控,,
HpW5LyeUK6rNX4g7,动力,,
7QOtG1MD6z0skcNb,动力,,
fSR1A9e6jH3UMFI8,外观,,
7A2ze9YabMCc5svr,配置,,
pLSxhPtQ4OmTDg95,价格,,
nNpYZdeQERiutcD6,动力,,
3MjvJUXBzegF45KT,动力,,
875xyDbzPHFleEBQ,操控,,
wm62yPbD8engtuGI,价格,,
AF0Izd3Ecfgkujy9,价格,,
94epsj1buvW2lBIf,价格,,
IcgXbKotPaAMZ2Ck,动力,,
c95QCaf3XKtn04VE,价格,,
OLTDzsIkWUeYKHX3,价格,,
C98YtdkE4OLTDgea,动力,,
2gO7dWM6rD9SHvEY,油耗,,
caVRpZDW6Qdr2gk5,动力,,
ByeJn8m2blqVKiD6,动力,,
ZRSP1JekE783vNiw,价格,,
OU0Ha56DoCJiqEjs,动力,,
dM3i6seOI4ckbZtg,价格,,
I27CTamYDZ5oyX9B,配置,,
jzTRF17bABPMOXZp,动力,,
sLJc1tXdGQUeVhEf,外观,,
wxzmSrR20gA5kdQa,动力,,
P3DW07uNKaj8sCRr,动力,,
PykO9QsJFYtmMGvU,油耗,,
uDpUIL5BkgFoGZQE,空间,,
vlCphH36ucoXYAqw,价格,,
yoUEBOQszJW0KA5G,价格,,
bTs4yzovnrFhX1NV,油耗,,
wnWRdqCphJz6P7U2,动力,,
Z8IsoVLB3CEetMUF,动力,,
RpeP4w7J8AOxdzIi,油耗,,
Cme1yAS3oLdfiRBK,价格,,
q4webEMXRSyDN5Qf,价格,,
HM38kdhUSjEPwp0u,操控,,
hNiGFEPdTZJoKOqf,配置,,
aHU0O9YCLly8cPvR,空间,,
ueY7R2gFVMB9bWvL,操控,,
mreCtuKXFwYsi0z6,空间,,
n2TZNWRdfSCilqLh,空间,,
KTdD7U8JiFE26GLb,动力,,
qBLiW1NTHk9KguQF,油耗,,
t13HaBqTUZF7Yeju,油耗,,
atYuVC4do9Z3EQ2X,价格,,
MFa29rps6jzg0IbC,动力,,
Qgls9k6yBHWYoPxR,油耗,,
edOCKSsoXJyw5TLY,动力,,
gDHSRqoWn0m3A69d,动力,,
hf5PnKEcrJtUYRXu,内饰,,
IdTQ1FwiJhUtxE02,动力,,
jaihGf4Qxl9qdNry,价格,,
ciFVdL85Xfv0wEaN,操控,,
5SMgPUyoustRpH1C,价格,,
k9CaQPBrpeX8bjSG,价格,,
XPjnqk8VFzthwuU7,动力,,
bCx8wV5SpZDlK3Py,价格,,
dHbRIfBklWh951Dx,动力,,
WmOC83jat54SvqiP,动力,,
QWdyBLA8uHGURn6h,操控,,
FK9f0la3xHeTbqws,动力,,
isSJMTg0FcyKpOQH,操控,,
PzDH9W2SLkI06jXn,内饰,,
CypflrRX3gzLH1S5,动力,,
CbRdc5SULZMa0ENu,外观,,
jw6r9o5lKR0qmnYO,价格,,
Tw9nMdNusAitK6LD,动力,,
mkL5BqDI0K72WYip,动力,,
Hl6OX4keyCiI59ca,动力,,
vNr9ZPWB7CUtenfi,油耗,,
xewG7SsfbB4tackJ,外观,,
wypVfJ1g7KBFbHqR,动力,,
wl56peWJEFKrPxzA,动力,,
NTSwHW7RQV1bUA3m,价格,,
3D8VpF9nbjTK4NsB,动力,,
QcPDjLbxHWvCmVBS,动力,,
uSEYLOmivbVUT1dM,价格,,
htRUXO3cHxBkdaMw,动力,,
gwtnIS4qfW9iRvNo,空间,,
dtcU9gDBOFwMKy1j,操控,,
aHtQSMkbuWIo3ZKU,操控,,
vbUMhGZKA6Jzn2DN,油耗,,
bsSwZUhKyEC2zpav,油耗,,
Ky2H3WgfdaIwrSAt,价格,,
iUutpQeFw6vzMsD2,动力,,
jLb8qX5xeQ4S1iKU,动力,,
6HxLhDasVpPgMm8K,油耗,,
Z2GfSdoxeOt5LNuR,安全性,,
IMofFWZihwPx4YdR,舒适性,,
xehQGn9UXiu7Z28I,价格,,
546EUdlygJWfBtXa,动力,,
IxGULQg6vNziM9uB,安全性,,
Avuyps28QEtHM73w,动力,,
MrTgjwkBWDmh7loK,舒适性,,
JWOxwhLq7lpQv1eI,操控,,
hXQT2Nq5Hd7epoxZ,油耗,,
Cv9S02asNYldJ8hH,外观,,
HIntVvrux5ZkibOE,油耗,,
qoLHFgKsdu52hBp0,空间,,
sjK5uV0zPwJMld2X,价格,,
lJd6v0EGxVkmNbU8,配置,,
sN0Od9C6iDhzPrQq,舒适性,,
wiNfok6vXFL1tWDV,油耗,,
kRG2wfTBMprINaF6,动力,,
s4KEk3XfTJSz0y18,舒适性,,
IFLmEta54AiujdUO,舒适性,,
4TxVo6Op8kXv3mHR,动力,,
lpF1QBJRqNorkeVh,安全性,,
eVw2EoqQzPafcni0,油耗,,
uSCy8iTz742tkdrh,配置,,
AMDg8X4KiknTopE6,动力,,
Mj2skhg31YLtnazp,价格,,
nhmcCF2Pl1GRyHiK,动力,,
3e4RCs9lGvLokq0I,安全性,,
ROMK65g8HGQweWDq,安全性,,
P7zwjrpgGSFiDA4M,价格,,
PTZrVmatjOJLeWxv,配置,,
kpnCZaAhWuOymsRD,油耗,,
1BvD8xQqpmouKl2w,动力,,
HsRBODZpbreXM1nP,动力,,
X1M2nsA0Gy8IjKmx,舒适性,,
ZVi7njCYN1403Kw6,空间,,
rl8tJSg09y5dVI7p,动力,,
QdaZJwOXbmkocY5v,动力,,
dXf2rtkJHZPY0O6z,舒适性,,
iGtjK9Ye0QPDkJRa,动力,,
xMjehF1dANLv3oPf,动力,,
imvjh6fsbZ1B8tDk,安全性,,
ZPylWN6mJtq73xER,外观,,
k6KDiRX7ZNSMT5cq,动力,,
ZeHdSwvXkxMUFBsl,舒适性,,
aKEvnRIi9sjpV5OF,动力,,
oGV6CWJsQM3XLacw,油耗,,
GtXULc9wDHPn03Wv,舒适性,,
CKGlT36QPrIi1Vgm,油耗,,
bOrtawLljMfyNK37,油耗,,
8NX1aUQcJb7w4nHf,舒适性,,
1fvPaU68LRyBGIjE,动力,,
PidjOceCYJhm0Tpv,油耗,,
2eRJECFPTcoNtvBr,舒适性,,
8XTxs5km0RqZVDcf,舒适性,,
Yrqzo4aXitwTx7A8,动力,,
nYjsiOvqFL2uydmf,舒适性,,
c4yJrMVACb6iH2t9,操控,,
S4iz3DlsT7gZ6Ooq,配置,,
eCudFcjE3NyVaYtz,空间,,
TCtMvskX4U53FR6n,价格,,
zKdkoRw4fSJT865W,动力,,
4RpKoDmk1wrHYGIM,舒适性,,
CHn3flFZqRN2J0DY,价格,,
RduLxnEZ5Hp6rhU3,动力,,
o591G4LvY3uODzCZ,内饰,,
ZwDJI2ExNGAMqT6a,价格,,
cYOzKSreBUWy8ZCp,价格,,
eLaUK1R3dhMSW8cp,动力,,
eDxluSgqH0ch9YiO,油耗,,
Ofw0eQbLz5W69aXT,动力,,
X7Dmi6pBvyNF5bjH,动力,,
Bhko5WI62HVJGm7C,动力,,
DlyhrFJX45Wq16aE,安全性,,
Ns9dpHqrizVLSA68,舒适性,,
gkO9FGQhnDH3iUKB,动力,,
XjLzFYus5S6icta1,动力,,
V84a0xwl6KoqWBSH,动力,,
Phcq0nFXD3Y21b7d,动力,,
3ya5ghm4wi9xcjTe,价格,,
rRKxz0l5Jqo42GF7,价格,,
Gid8zRPEolk6q5FO,动力,,
lxkDKHi3veIRThdf,外观,,
GuPbV6ogwZMNXyLr,油耗,,
c3Cb5atuQJnVgEKL,动力,,
pmNyoGrdC1KhVlIA,价格,,
t4YZpKuxUPTziljS,价格,,
j7FmnNEyAGBHTu51,操控,,
DKLwgMTHfV8xRj4S,舒适性,,
6AzsD3lBJFKg0tqL,动力,,
lUEiy21aFHVdfK8M,动力,,
4zBtJOUsglWbkduc,动力,,
4MJFjzA0lOP7WLQr,动力,,
CMyhi0xvJV97RXZY,操控,,
FmEnshzT3UoO9tpc,安全性,,
e6dLZW1CuoayNDIF,动力,,
O1KpuZhFacmY8AXk,操控,,
A3shCv62UTeX7Vyu,舒适性,,
AYI8t95ykOVvom7P,动力,,
hTEY0JfISa3i8Qwr,外观,,
UFSVZrG1ldup8ytc,舒适性,,
uOF5eWQHCSIb0lnX,油耗,,
wbtMuQ4noYlU2gSW,动力,,
wkjKsHS6l84xU7cZ,舒适性,,
vdFBH1tAlp6nYheT,外观,,
kcIlN4O5yfJvtuGa,价格,,
1zkIPQn47Hm2gL3O,价格,,
2w1orQ7IHc9piAuV,配置,,
jS0ZFgm9GuXeN1QV,动力,,
rJbkSWvNsAdq5uY0,操控,,
GVJanbkKzhwZBXMq,外观,,
KNsicY6maflyA2dW,内饰,,
Vi7jog3FR9nLsxJc,安全性,,
iJDBmlQzdhKw7jYg,外观,,
lYMn2whJSZmqksj3,外观,,
bemz6FHr47lLEXqt,配置,,
avVmnotfUrzwJMGT,外观,,
LjrFIVgQ5TDaWwd8,价格,,
TNyLjrCVD3vkpbZi,舒适性,,
aI6hN1ovMDLJGBti,内饰,,
HcTv3d5k1a2plO6W,安全性,,
hz5flpCykL9qiSB8,操控,,
pd5YZ8zr3TGD0BKl,油耗,,
cfEFLe80SjMrAmKT,操控,,
AXEGeoVOpmZTDnyj,操控,,
BaQFJU6Njo35PWzs,动力,,
9LUOpIQHgYDm8FJw,动力,,
s8ABFWKpRvLImVib,配置,,
eCRVcP7qzTEwsY6m,价格,,
ZXzQi6UeEIGamhCY,配置,,
o2uk5zlOitwBFyYP,安全性,,
5GBLPV2kyCApzocS,动力,,
mwgrVdS0lceuPjH1,舒适性,,
PLCZmuQ4GRUqAlz5,外观,,
xPCJYDniI6RMH9NA,空间,,
KPM8W6gr9zYblAHZ,操控,,
4vHOx2oj7cmynaG1,动力,,
bDNSy4zjGYL7X8wI,配置,,
rpxlgy8Fkm0ReJqv,舒适性,,
dysLaH7rFpxUNwTG,操控,,
ACzuk3oYFdBW1iRr,安全性,,
8Lg4uaXWwNHTnUhb,动力,,
Asu64fxX7ydmaWQ9,动力,,
Id8iAazTDpMGOv49,舒适性,,
wBmEAOR0YjlgkWtT,动力,,
jE6k7BXpZLNWl1hQ,外观,,
0BCubTaSJ4V7jGAd,舒适性,,
23VdWzG4iAgYZtSR,安全性,,
1TpwYUG4nbQxhfKk,操控,,
KuUYrzfIatBJyOXp,动力,,
CJ5Y9Waw0RIPmvUK,内饰,,
dloSVE124GTviNPL,价格,,
Oeb0NAwXUjsxJDqH,舒适性,,
7U9GMh8rypb4zvsO,配置,,
DnymwrO7Ga1Qbdth,配置,,
nIMGCSAzfe25WDRm,配置,,
IOyEuQK7rgVZAzbi,操控,,
Wt6bxF4HqgRUzMTZ,动力,,
6mRUdJ7Y1erPAtS8,动力,,
3HqNa5tQLnDRroW6,油耗,,
grwNKCJtsY0A6DVG,操控,,
yrAnx9mfHYN0OT6g,配置,,
zfu0NKtCVvXrDeUi,价格,,
HrxIikTQemGdJKAL,动力,,
a8ZDevQHbqX2JiSu,操控,,
6mJSlntYXB28sq9u,操控,,
icEsPJWUnRS01luo,油耗,,
gXnx20VphC5mAUb1,舒适性,,
RaybZnkleEsQvUwC,油耗,,
IBzXueCTjWPyiwb9,配置,,
EBh3kYb5eanuLqw7,价格,,
MzQ8whRmWyp0kceZ,舒适性,,
BmPrwYuL8QVetZjc,舒适性,,
lwWxuiMO3yPoH1UJ,配置,,
nfOq51SzPjtCZKvQ,油耗,,
yI79ofOCdiAenwrz,安全性,,
eyXNfkKiglxR6btY,安全性,,
Z1quzevkUXF9JplK,油耗,,
fdIJSbNeVpoT86PO,动力,,
V5NCqp1jbLtr94BT,油耗,,
IftQwD8UO3Cs62jK,安全性,,
WsSnOLBp2wqvmxoy,动力,,
6wAv17L0UaybuNfn,舒适性,,
mF4PUT1vKM8gIAsi,外观,,
CnUEJv94VzMiHjXy,动力,,
RzW5GLurQx0imA2N,动力,,
crjYmfA4kWhaQnMP,舒适性,,
KMvqAsNXDfUicykQ,油耗,,
XFC1h4tuAMQH9pyN,油耗,,
foxsAMS3TVwvdiPh,空间,,
JgQA0eZw9zKuySkh,动力,,
wmbdEs1giGzMeoXR,动力,,
0hcGSNLWQne3kuqE,价格,,
blzhHtvQLcxIyfod,外观,,
8T2Z9F6LexqXrIdQ,动力,,
PaAuNd5lobeqXpOh,动力,,
hNsmB8zE1nyaVodp,油耗,,
uKylUE0qMehdS4jZ,舒适性,,
bDqpuTMz2oiR1kvS,外观,,
DuofMgjiE0UvP9Gh,配置,,
zLPXAiHmDMWnrO0c,动力,,
UJeQBwqGfKhWTScr,外观,,
1ku5LiXyCl8rcbSm,外观,,
CXxDunpZgH7N0KyF,舒适性,,
BaG7VWPc8mUQ4d53,配置,,
FYVHuUQ3Llb2Odtk,动力,,
NHYkCVopElwTO4SL,安全性,,
b2NSpzV4tH0qkZFg,配置,,
Hv6EBj8tTAZphROb,价格,,
jN3kMlzEJiRSm6Tr,舒适性,,
uhpTbDHGwLadQ7nS,舒适性,,
RnIMpei7agYdKjXs,油耗,,
OG8z3WDXMeFRfYnr,价格,,
miG4ZxRoQSlg6KJd,操控,,
uIoTZxQ2fv5AsjUF,舒适性,,
bQIGj73D4BXPpCdy,价格,,
kQKoDcN2pVsHnRvX,价格,,
PZgilYx2KRnehqOk,价格,,
6cLXpr1xS2AKefTv,价格,,
rTEKoLtW9vp3qVNM,价格,,
ycZd3HgBt5wpGjkK,价格,,
OiMa4ugEcIYNsZ3Q,价格,,
j1rPTY3NROwnxFaf,操控,,
4Zci7QKdEwlLutJV,操控,,
TmrwlJsu8A9zybGV,操控,,
ZidVDX9wnLjWEJGq,操控,,
A2l9McPr6ITYBNsa,油耗,,
j2Qx1P8a5wbULihs,油耗,,
hIGorWwQTapkS5n6,油耗,,
oFl5e7rT9mLqMPnu,空间,,
I1NHXDm8dzvtkfs0,空间,,
K7ci4kEpZ01axWBY,空间,,
7PmnvLBwJSoUxf0G,配置,,
UefN5RLZ1pqguoEj,动力,,
ReGAf51HQagx8Zmi,动力,,
XEQvpHbD7Z6kPVyA,动力,,
OJDLu0ziXPNRT6df,动力,,
foTKrM9SHGp7nuE0,动力,,
SelgL0QrPayBZ18K,动力,,
R8cyfI10m3Xi9tgM,动力,,
FDkmPVcfhGbToNuX,动力,,
bxrpsDYROK5iT1qj,动力,,
b9qcJOVRfPEzUuM2,动力,,
QtszkWi1bKVx9yG2,动力,,
YbZsXMk3PvaVQnLK,空间,,
Ijf1P4FEWUprbgZl,空间,,
FR7zjZJHgqWs3oPc,外观,,
MR3lsLjIOEXeU2AD,配置,,
NGRFH02YfvIpnDZO,外观,,
0jTdQIPg6ZaLp57O,外观,,
4thTeMKoNiIgx65W,外观,,
OQVWijN4lSh0FTey,安全性,,
sMi23mko0HIQtY8g,安全性,,
nVm3CoQ5pU6yP8uY,安全性,,
eE7PXURqbvwxh9GO,安全性,,
95yan1o6CpQ2A0Ew,安全性,,
9gO4pMXdBi6xD0lW,安全性,,
dHaJFoVOD7NmYjTq,安全性,,
vu6eVD7EHGRQJULC,安全性,,
q9uHxmI2frz8sX1C,安全性,,
ZwYtW93KxgOFi8D2,价格,,
Em540HwFUypB8SbK,动力,,
n7YxMp8c9Va2Nfse,配置,,
2BWMN0iP6mO7QhuI,配置,,
3AsFYcJ4OrW8wT7l,配置,,
f9T17GDdFzhbSKk6,配置,,
U3NevhxIRQaXnyLq,配置,,
oepEUuObd6f4v3iR,动力,,
jMB2W7Pdm1epbYNl,动力,,
5DzJlZEOe2VLKpSX,动力,,
af8n9cRIS4Vq0jmH,配置,,
JRAFg3bDo1C67q9h,舒适性,,
x9GXPl40AZ5TNiBh,内饰,,
zs3gC6PE4kfNb9Wt,配置,,
5lgjSRwKCb3D4WTF,舒适性,,
3qravlupfdIAMznx,外观,,
3Cs9orcTeFh1dN87,油耗,,
SOpkMZLy40r1mYCq,油耗,,
DYrSPJLoywAdingm,油耗,,
WyUb7eGAJuz9Ftpc,动力,,
UAaZtl1ST5kuzoem,舒适性,,
Q89PBCgxDdeJ5Vfn,内饰,,
3m7VUknLa6Ff5rPc,安全性,,
LaPs4F8Q9q0Wewp5,安全性,,
aB6ythMmUQL4TneC,操控,,
KgoZUjNaQvt6MfTA,舒适性,,
U58QDMeHWXkfGESg,内饰,,
xapJi6lVUC0oH9Py,配置,,
jmBWZfLGlaz2nJUu,油耗,,
yfpeWc2ljCkTvN4L,内饰,,
clht2VSkB3fFrHze,配置,,
uTmyopKDFQVvC9jt,配置,,
6uYPQjAedRH1wWCy,配置,,
8tU9biECpJdRGhaL,油耗,,
lsHg09cr1NChwKp8,油耗,,
h7Fx4nQTyPR2z9M6,外观,,
ldRbIBz5vAqsJ4WP,价格,,
4cNTIxAwjOkSB8Vv,内饰,,
TiGkVHdRmPgMpb6s,动力,,
8fJTX3LZMqErjg2Y,动力,,
tEQLJfKlMnzOs0mw,内饰,,
n8EbUTyJVxpGtWzP,外观,,
yvEOU7I2Z9pbMtNz,动力,,
3GaSHdJUs4wDYfkR,动力,,
WAFiDKqCfuP9xG7a,舒适性,,
szVrI4Xjv7ibBOPy,内饰,,
9vBKy7aEfcG4SJPO,动力,,
HiouAKZ24t58WqFV,动力,,
K8TLE9Fcay03s7xr,舒适性,,
t8i0ujgRV1ON3Qec,动力,,
KNjsGxYQdD903Rbr,油耗,,
iFGrPAzYJoRdkOS8,安全性,,
8qg3OP1AtB5Evz9a,操控,,
x2rYTQCbOd0JKA5y,油耗,,
8CAMHLk6DfzaGZJ1,油耗,,
4vedD3ThESw9KJxN,动力,,
5GPVFrmzW2pqw6xf,操控,,
ZhC07bX9fLwAEerz,配置,,
cIn9fLxBgXV3451Y,配置,,
qTf2jyoJYALC5DZ9,价格,,
jDBJL5h3N6UK0YXV,操控,,
i7AtFZHh60kaGp3T,价格,,
CADf8GVlMn9r6me1,动力,,
7mGsIBJAHFZ0tCz4,外观,,
Fie0kyu1854nQpzA,配置,,
mpAEy9iwRn631sKS,配置,,
1782QoS3I4XrgZba,内饰,,
ODEdFk6L4psH9l28,油耗,,
5kyiUJ0LTNMVFZfq,油耗,,
3sHOQd5VmCz6npUY,油耗,,
SVIfiYWeB2yaGCQv,内饰,,
pCy0wamSeUnDP9Fr,外观,,
6ru4D9eIzQ1iPkxv,配置,,
4Ist9FJBkGATqYjO,价格,,
A4vmUYQOlCB5p0Mf,动力,,
LT14xdFN5vOce0wI,配置,,
cADZp9bExndsOuWC,配置,,
QjFJXPzDYsV1IRWO,操控,,
Ni0TWvFVRU8XdmtO,操控,,
63RsQ9a0JqXobE4m,动力,,
L5xfDMnaIlWO6Vky,配置,,
J9L6sZFX2fcUBzOS,油耗,,
LM7f4OynlJb8HqvY,操控,,
i8mxAKoNVhD7CIg6,动力,,
Unr7RcXmCght2ifD,舒适性,,
8CZDFqhGmY3HwVz0,空间,,
41nm2EQI9BXljaDk,内饰,,
6DWMVcopvEKwU4PJ,舒适性,,
0gKMWbXrF2qyRTEk,操控,,
ZfLWb4GQDRhgyvow,价格,,
4TErfMzgFCnDRPqe,动力,,
5UPW7gfxl9jTcMuN,安全性,,
RWc4PB7gMpnsmUHl,油耗,,
7FzGhLUQufMglaAn,动力,,
4tlfWveDHL9wcZ7m,安全性,,
HCkprjv6uWRh47sL,动力,,
QYLVlAzboyFTHWuw,操控,,
9hv6gmwl0XbRKArI,舒适性,,
WYa8Arw7bGLuKnqi,动力,,
RrgVEIYCuW1iNqL4,动力,,
fHSqoTiP2bIrEG8U,舒适性,,
De6AFcbTKIl4R3Qg,操控,,
nI0YSRiZdC2MEmag,动力,,
dkBrQ8FaUsD50qJ7,价格,,
2YvN9c8p3yrlhIQt,内饰,,
9hBGibuUNvjL1Qng,安全性,,
8jgDfxBpO45FWl1m,价格,,
BMifCDqjK6JwGTnL,舒适性,,
SyZ6BOmLAeYc09pf,安全性,,
0aUzxbsfLNnljZMS,空间,,
PgCAcDLuVZ41xzod,内饰,,
vDUH86p9mfyQP5cA,安全性,,
0m3DxdfAIcgnE4kM,内饰,,
InuPQK6wX9UtzgCl,动力,,
0euRkBO8AwisjYTJ,空间,,
SRNvlyPi7OM81VQC,动力,,
htC6x7q2Yv14uUFX,舒适性,,
R3ANbXlwH8z6vWPj,动力,,
RKZmPl1Ny5dDC42o,外观,,
athS4JK0ClzGrYb8,配置,,
6sCNZQ0854b9k2ep,动力,,
nkNvR74fauUP9oSg,油耗,,
7HjuWDZzSykeEOIQ,安全性,,
6nulXChYs8biaKg7,操控,,
z1Vy3OLYhdZjrW9m,油耗,,
FVOZ4U9adMc6gnRb,动力,,
y7ziHVFaYs3vAS5C,安全性,,
dWjXp309QZK6sOBt,操控,,
UMeVQhHNRcoYJ8GT,内饰,,
qCrxFMylGAKYfR8T,价格,,
NMzl5tR6JQwCb0e1,动力,,
CqSyRtsONd1iG5BJ,油耗,,
BGE1XAJ6iCZ9uclf,油耗,,
Ce7V3lxzB2mrpL5w,油耗,,
o9mCw65vOBq0fYUF,油耗,,
iAktfmCUh4aeMrZS,舒适性,,
oKTmraqO2ltuZ6N0,动力,,
pcK875yafZ0DvE9S,安全性,,
6nb4X8DrhGIysL9R,配置,,
nYqDJsS4CEVwAu8x,外观,,
itm5q6I1z8vf7ZMD,动力,,
rEG7UsMicjYIuO0H,动力,,
swWXCztEAlxLfkOI,动力,,
8lrYXUQIg1cFxjd7,价格,,
G5WVJdhNEr71HyBI,动力,,
ytm3xPrzZ4OuXIH1,动力,,
uokFtR1jyIimG9UT,动力,,
hY9A7rn2wlmEF0uo,操控,,
wTJY4NqXUaPSgpWt,动力,,
gDtCHTmXVEUsqiyW,价格,,
0aUM14td75FBNEfl,操控,,
YT5pdexbmOQwG7hR,动力,,
Ct5pUOgmiTQ7o3fL,油耗,,
0EkBRAYPsfOTt4z3,空间,,
m1d2uePf9JFGbg8a,安全性,,
1qT9KYyC8el7Om4M,舒适性,,
XbUZeDAdEpMwg7kt,动力,,
Qt0XJqvUN6gOhePZ,配置,,
sNc3FPI4ZnrUgS8G,内饰,,
OxkuXFay5GLP1eIh,操控,,
3Zl8sQoSMrOUCyhg,价格,,
EFVfO2leBpH0uzrw,操控,,
DIjbzLMF2vgEsxti,价格,,
j2bY7lqSH3PawNn5,价格,,
4N70AwcexTqDCoJr,空间,,
yGsQJVCBYmMglaUp,动力,,
mouaUxBnX2vHPYsR,内饰,,
Zl8IfcmpNrLVAPS4,操控,,
fIHPrW8MzVdC4kwF,动力,,
E5390SuTF2RoQyzt,舒适性,,
5XznxhYNAGF7WKJD,安全性,,
S3Aq4NOhFDspEgZm,操控,,
3qVmrKu1wxJb0X6I,安全性,,
vPCDf2OemEGh4jzl,空间,,
trsL1COIpBSWXMex,外观,,
PE5gLlduiYGTzqsn,动力,,
WgtvsofC74wOIYVb,动力,,
H8jYWQ5gMADxtmuh,舒适性,,
ouMTnWL81gZemPi9,安全性,,
7pDJV8ab4NjH3r5e,舒适性,,
hGPD9vBZgR6zNV4S,动力,,
2jJXvw58LHgT3RBD,动力,,
OCkifpF73WQYjoNI,内饰,,
XrQJUSeIVhBib86Z,外观,,
MF2yRZwkDtmozdPS,内饰,,
Yu0EUZt54G8fiHOW,外观,,
yLhg5NmjCWat4YFV,操控,,
0GtHsUD3ikzZoX5q,油耗,,
S3dNtUixLg2uVkWD,动力,,
xJ1wWtb9TsYkKO5X,舒适性,,
lr0sCcFamRVfPHn5,油耗,,
H6y17JaXzxADtqer,操控,,
DJES3mRatNG7AMwz,配置,,
GdPUZvlCm438WtS5,油耗,,
m1rOC6jMweNH2Q9J,价格,,
vP56NeZdJA8jtXmF,配置,,
fQnMrWegYBvTh2Ic,动力,,
xSTt0OV9nYkb6NEa,操控,,
BfWd1cJDFQLNn3gG,安全性,,
IoKEnR3JdXu0gG4h,动力,,
4p5xbNDUMLAwvzrY,动力,,
VYJEH3N0ZkGt5Xvy,舒适性,,
iSp7q8d4eW9honmI,动力,,
WLHp3PYJ9FvOGXE2,安全性,,
